Name,Artist,Genre,Mood,Number of Each Genre,Number of Each Mood
A.D.I.D.A.S.,Korn,Metal,Angry,Alternative = 293,Angry = 138
Animal I Have Become,Three Days Grace,Hard Rock,Angry,Alternative Folk = 1,breakup = 56
Antpile,Kublai Khan TX,Metal,Angry,Alternative Rap = 15,happy = 178
Around the Fur,Deftones,Hard Rock,Angry,Ambient = 1,lonely = 42
Bad Company,Five Finger Death Punch,Heavy Metal,Angry,Blues = 1,love = 230
Bad Habit,The Offspring,Alternative,Angry,Christian = 1,party = 312
Be Quiet and Drive (Far Away),Deftones,Hard Rock,Angry,Country = 48,sad = 268
Before I Forget,Slipknot,Metal,Angry,Dance = 6,vibey = 302
Betray and Degrade,Seether,Hard Rock,Angry,Dirty South = 1,
Blind,Korn,Metal,Angry,Disco = 1,
Blonde Hair Black Lungs,Sorority Noise,Alternative,Angry,EMO = 2,
Boomslang,Kublai Khan TX,Metal,Angry,Electronic = 5,
Bored,Deftones,Hard Rock,Angry,Folk = 1,
Break Stuff,Limp Bizkit,Hard Rock,Angry,Funk = 1,
Bring It Back,Limp Bizkit,Hard Rock,Angry,Gospel = 1,
Bullet with Butterfly Wings,The Smashing Pumpkins,Hard Rock,Angry,Hard Rock = 69,
Bulls On Parade,Rage Against the Machine,Hard Rock,Angry,Heavy Metal = 1,
Burn It to the Ground,Nickelback,Rock,Angry,Hip-Hop = 50,
Carrollton,$uicideboy$,Hip-Hop,Angry,Hip-Hop/Rap = 466,
Chop Suey!,System Of A Down,Hard Rock,Angry,Indie Pop = 6,
Coma,$uicideboy$,Hip-Hop,Angry,Indie Rock = 15,
Counting Worms,Knocked Loose,Metal,Angry,Jazz = 3,
Crash 'n Learn,Ghostemane,Metal,Angry,Metal = 35,
Custer,Slipknot,Metal,Angry,Pop = 194,
Cut the Cord,Shinedown,Rock,Angry,Punk = 7,
Daddy Issues,Pouya,Hip-Hop/Rap,Angry,R&B/Soul = 104,
Dam That River,Alice In Chains,Hard Rock,Angry,Rap = 14,
DAYWALKER! (feat. CORPSE),mgk,Alternative,Angry,Reggae = 1,
Ddlg,ppcocaine,Hip-Hop/Rap,Angry,Rock = 152,
Dead & Bloated,Stone Temple Pilots,Hard Rock,Angry,Singer/Songwriter = 18,
Deadringer,Knocked Loose,Metal,Angry,Soul = 1,
Death Blooms,Mudvayne,Metal,Angry,Soundtrack = 8,
Death Grip,Turnstile,Hard Rock,Angry,Traditional Folk = 1,
DEVIL,Shinedown,Rock,Angry,Urbano Latino = 1,
The Devil In I,Slipknot,Metal,Angry,Vocal = 2,
Dig,Mudvayne,Metal,Angry,,
Down Rodeo,Rage Against the Machine,Hard Rock,Angry,,
Dr. Feelgood (Demo),Mötley Crüe,Hard Rock,Angry,,
Duality,Slipknot,Metal,Angry,,
Eat It Up,XXXTENTACION,Pop,Angry,,
EAT SPIT! (feat. Royal & the Serpent),Slush Puppy,Pop,Angry,,
E-Girls Are Ruining My Life!,CORPSE & Savage Ga$p,Hip-Hop/Rap,Angry,,
Enter Sandman,Metallica,Metal,Angry,,
Fair Weather Friend,Beartooth,Hard Rock,Angry,,
Faith,Limp Bizkit,Hard Rock,Angry,,
Fake,Five Finger Death Punch,Hard Rock,Angry,,
Fake,Korn,Metal,Angry,,
Feel Like I Do,Drowning Pool,Rock,Angry,,
Fishing Boat,Aberdeen is Dead,Rock,Angry,,
Flesh,Ghostemane,Alternative,Angry,,
Floor 555,XXXTENTACION,Pop,Angry,,
For the Last Time,$uicideboy$,Hip-Hop/Rap,Angry,,
Fort Woe,Xavier Wulf,Hip-Hop/Rap,Angry,,
Foundations,Until I Wake,Metal,Angry,,
Fuel,Metallica,Metal,Angry,,
Gasoline,Seether,Hard Rock,Angry,,
Gauze,Deftones,Hard Rock,Angry,,
Gone Forever,Three Days Grace,Hard Rock,Angry,,
GOSHA,$NOT,Hip-Hop/Rap,Angry,,
Green Call Her Sims,Marietta,Pop,Angry,,
Guerrilla Radio,Rage Against the Machine,Hard Rock,Angry,,
The Hammer,Kublai Khan TX,Metal,Angry,,
Hated,Beartooth,Hard Rock,Angry,,
Have a Drink On Me,AC/DC,Hard Rock,Angry,,
Hdmi,BONES,Hip-Hop/Rap,Angry,,
Headless,Deftones,Hard Rock,Angry,,
Headstrong,Trapt,Hard Rock,Angry,,
Heartless,A Day to Remember,Rock,Angry,,
Heavy Hand,Turnstile,Hard Rock,Angry,,
Holy Diver,Killswitch Engage,Metal,Angry,,
Hot Razor,$uicideboy$,Hip-Hop,Angry,,
I Don't Wanna Be Me,Type O Negative,Metal,Angry,,
I Hope,Jay Lewis,Hip-Hop/Rap,Angry,,
I Miss the Misery,Halestorm,Hard Rock,Angry,,
I Threw Glass at My Friend's Eyes and Now I'm on Probation,Destroy Boys,Alternative,Angry,,
I'm Broken,Pantera,Metal,Angry,,
Internal Primates Forever,Mudvayne,Metal,Angry,,
Keep Away,Godsmack,Rock,Angry,,
Kickstart My Heart,Mötley Crüe,Hard Rock,Angry,,
Killing In the Name,Rage Against the Machine,Hard Rock,Angry,,
Know Your Enemy,Rage Against the Machine,Rock,Angry,,
Last Resort,Papa Roach,Hard Rock,Angry,,
Leathers,Deftones,Hard Rock,Angry,,
LED,OmenXiii,Hip-Hop/Rap,Angry,,
Liar,BigKlit,Rap,Angry,,
Lights Out,Paleface Swiss,Metal,Angry,,
Look At Me!,XXXTENTACION,Hip-Hop/Rap,Angry,,
Love-Hate-Sex-Pain,Godsmack,Hard Rock,Angry,,
Man In the Box,Alice In Chains,Hard Rock,Angry,,
Memoirs of a Gorilla,$uicideboy$,Hip-Hop,Angry,,
Mercury: Retrograde,Ghostemane,Hip-Hop/Rap,Angry,,
Milk It,Nirvana,Alternative,Angry,,
Mindless,Sworn In,Metal,Angry,,
Miss YOU!,CORPSE,Hip-Hop/Rap,Angry,,
Mobile Suit Woe,Xavier Wulf,Hip-Hop/Rap,Angry,,
Monster,Skillet,Hard Rock,Angry,,
My Own Summer (Shove It),Deftones,Hard Rock,Angry,,
My Pussy Hurts,Gomez's Childhood,Metal,Angry,,
Negative Creep,Nirvana,Alternative,Angry,,
Nero Forte,Slipknot,Metal,Angry,,
Neva Cared,Polo G,Hip-Hop/Rap,Angry,,
Nihil,Ghostemane,Alternative,Angry,,
Not the American Average,Asking Alexandria,Metal,Angry,,
Nuthin,Lecrae,Hip-Hop,Angry,,
Oblivions Peak,Knocked Loose,Metal,Angry,,
Office Papers,Moon Rules Apply,Alternative,Angry,,
One Minute (feat. Kanye West & Travis Barker),XXXTENTACION,Pop,Angry,,
$Outh $Ide $Uicide (feat. Pouya),$uicideboy$,Hip-Hop,Angry,,
Oxygen,Aberdeen is Dead,Rock,Angry,,
Paris,$uicideboy$,Alternative,Angry,,
Pass the Nirvana,Pierce the Veil,Alternative,Angry,,
Planet Zero,Shinedown,Rock,Angry,,
PLEASE DON'T GO,Night Lovell,Hip-Hop,Angry,,
The Pretender,Foo Fighters,Alternative,Angry,,
Psycho Pass,Xavier Wulf,Hip-Hop/Rap,Angry,,
Purity,Slipknot,Metal,Angry,,
Squeeze,Ghostemane,Hip-Hop/Rap,Angry,,
Still of the Night,Whitesnake,Hard Rock,Angry,,
Stoopid,Snot,Hard Rock,Angry,,
STUPID (feat. Yung Baby Tate),Ashnikko,Hip-Hop/Rap,Angry,,
Surfacing,Slipknot,Metal,Angry,,
Swan Song (feat. Scott Vogel),Kublai Khan TX,Metal,Angry,,
Take a Step Back (feat. XXXTENTACION),Ski Mask the Slump God,Hip-Hop/Rap,Angry,,
Testify,Rage Against the Machine,Hard Rock,Angry,,
Theory of Mind,Kublai Khan TX,Metal,Angry,,
The Things You Do,Turnstile,Hard Rock,Angry,,
Thunder Man,Xavier Wulf,Hip-Hop/Rap,Angry,,
Time Bomb,The Red Pears,Alternative,Angry,,
Twist,Korn,Metal,Angry,,
UP LIKE AN INSOMNIAC (Freestyle),XXXTENTACION,Hip-Hop/Rap,Angry,,
Urantia,Deftones,Hard Rock,Angry,,
Walk,Comethazine,Hip-Hop/Rap,Angry,,
Walk,Pantera,Metal,Angry,,
Whatever,Godsmack,Rock,Angry,,
Wulf Takahashi,Xavier Wulf,Hip-Hop/Rap,Angry,,
Y'all Want a Single,Korn,Metal,Angry,,
YOU CAN SMD,City Morgue & ZillaKami,Rock,Angry,,
7 Words,Deftones,Hard Rock,Angry,,
absolute in doubt (feat. Wicca Phase Springs Eternal),Lil Peep,Alternative Rap,breakup,,
Addicted,Simple Plan,Rock,breakup,,
Again,Fetty Wap,Hip-Hop/Rap,breakup,,
Ain't Even Gonna Call Ya,NO BS! Brass,Jazz,breakup,,
All You Wanted by Michelle Branch,Hot Mulligan,Alternative,breakup,,
ALWAYS DO,The Kid LAROI,Pop,breakup,,
Always Remember Us This Way,Lady Gaga,Soundtrack,breakup,,
Andria,La Dispute,Alternative,breakup,,
Another Sad Love Song,Khalid,R&B/Soul,breakup,,
Anytime,Broox,Pop,breakup,,
Art House,Malcolm Todd,Alternative,breakup,,
As It Was,Harry Styles,Pop,breakup,,
Away frm U,Oberhofer,Alternative,breakup,,
Awful Things (feat. Lil Tracy),Lil Peep,Rock,breakup,,
Bad,James Bay,Alternative,breakup,,
Be Careful,Cardi B,Hip-Hop/Rap,breakup,,
Before He Cheats,Carrie Underwood,Pop,breakup,,
Best of You,Foo Fighters,Alternative,breakup,,
Better Now,Post Malone,Hip-Hop/Rap,breakup,,
Bossa No Sé (feat. Jean Carter),Cuco,Alternative,breakup,,
The Break Up,mgk,Hip-Hop/Rap,breakup,,
Breakaway,Lennon Stella,Pop,breakup,,
Bye Bye Love,The Cars,Pop,breakup,,
Canada Square,Basement,Alternative,breakup,,
Candles,Juice WRLD,Hip-Hop/Rap,breakup,,
Candy Wrappers,Summer Salt,Indie Rock,breakup,,
Can't Help It,Anarbor,Alternative,breakup,,
Clean Me Up,Thomas Headon,Pop,breakup,,
Close Friends,Lil Baby,Hip-Hop/Rap,breakup,,
Come On Get Higher,Matt Nathanson,Singer/Songwriter,breakup,,
Dirty Ickes,Sorority Noise,Alternative,breakup,,
Edge of Midnight (Midnight Sky Remix) [feat. Stevie Nicks],Miley Cyrus,Pop,breakup,,
ERASE U,The Kid LAROI,Hip-Hop/Rap,breakup,,
Erase,Omar Apollo,Alternative,breakup,,
Eventually,Tame Impala,Alternative,breakup,,
Far Away,Nickelback,Rock,breakup,,
Gives You Hell,The All-American Rejects,Alternative,breakup,,
Good Things Fall Apart,ILLENIUM & Jon Bellion,Dance,breakup,,
Goodbye Baby,The Walters,Alternative,breakup,,
Green Beans (11-11-18),fredo disco,Alternative,breakup,,
Happier Than Ever,Billie Eilish,Alternative,breakup,,
Hate Me,Ellie Goulding & Juice WRLD,Pop,breakup,,
Heart on Ice,Rod Wave,Hip-Hop/Rap,breakup,,
Heartbreak,Christian Leave,Pop,breakup,,
Heartbreaker,Kaash Paige,R&B/Soul,breakup,,
HEARTEATER,XXXTENTACION,Pop,breakup,,
Make Believe,Juice WRLD,Hip-Hop/Rap,breakup,,
Picture to Burn,Taylor Swift,Country,breakup,,
Right Through,Small Crush,Indie Rock,breakup,,
Running Outta Love,Kodak Black,Hip-Hop/Rap,breakup,,
Shampoo Bottles,Peach Pit,Alternative,breakup,,
Sometimes I Doubt Yr Commitment to Sparkle Motion,Yes Yes A Thousand Times Yes,Alternative,breakup,,
Still Think About You,A Boogie wit da Hoodie,Hip-Hop/Rap,breakup,,
Still Together,Mac DeMarco,Alternative,breakup,,
Thru Your Phone,Cardi B,Hip-Hop/Rap,breakup,,
Want You Back,5 Seconds of Summer,Pop,breakup,,
Africa,Toto,Rock,happy,,
All Summer Long,Kid Rock,Rock,happy,,
All the Small Things,blink-182,Rock,happy,,
Amarillo By Morning,George Strait,Country,happy,,
American Teen,Khalid,R&B/Soul,happy,,
Atlanta Girls,Trash Panda,Alternative,happy,,
Basket Case,Green Day,Alternative,happy,,
Been Caught Stealing,Jane's Addiction,Rock,happy,,
Beez In the Trap (feat. 2 Chainz),Nicki Minaj,Hip-Hop/Rap,happy,,
Bennie and the Jets (2014 Remaster),Elton John,Rock,happy,,
Better (feat. Stefflon Don),Lil Yachty,Hip-Hop/Rap,happy,,
Beverly Hills,Weezer,Rock,happy,,
Big Me,Foo Fighters,Alternative,happy,,
Black Dog (Basic Track With Guitar Overdubs),Led Zeppelin,Rock,happy,,
Blister In The Sun,Violent Femmes,Alternative,happy,,
Blurred Lines (feat. T.I. & Pharrell),Robin Thicke,Pop,happy,,
Bohemian Rhapsody,Queen,Rock,happy,,
Boot Scootin' Boogie,Brooks & Dunn,Country,happy,,
Break My Stride,Matthew Wilder,Pop,happy,,
Broccoli (feat. Lil Yachty),DRAM,Hip-Hop/Rap,happy,,
Buddy Holly,Weezer,Pop,happy,,
Buttercup,Jack Stauber,Pop,happy,,
Candy,Cameo,R&B/Soul,happy,,
Candy Paint,Post Malone,Hip-Hop/Rap,happy,,
Carolina,Harry Styles,Pop,happy,,
Cash Machine,DRAM,Hip-Hop/Rap,happy,,
Centerfold,The J. Geils Band,Pop,happy,,
Check My Brain,Alice In Chains,Rock,happy,,
Cherry Pie,Warrant,Hard Rock,happy,,
Cherub Rock,The Smashing Pumpkins,Hard Rock,happy,,
Cigarette Daydreams,Cage the Elephant,Alternative,happy,,
Don't Care Darlin',Nathaniel Rateliff & The Night Sweats & Fug Yep Soundation,Alternative,happy,,
Don't Stop Believin' (2024 Remaster),Journey,Rock,happy,,
Drift Away,Uncle Kracker,Pop,happy,,
Every Little Thing She Does Is Magic,The Police,Rock,happy,,
Fat Bottomed Girls (Single Version),Queen,Rock,happy,,
Favorite Liar,The Wrecks,Alternative,happy,,
Fergalicious (feat. will.i.am),Fergie,Hip-Hop/Rap,happy,,
Fine China,Future & Juice WRLD,Hip-Hop/Rap,happy,,
Follow Your Arrow,Kacey Musgraves,Country,happy,,
Free Fallin',Tom Petty,Rock,happy,,
Friends,Los Retros,R&B/Soul,happy,,
Genesis,$uicideboy$,Hip-Hop,happy,,
Go Your Own Way,Fleetwood Mac,Rock,happy,,
Gone,Switchfoot,Pop,happy,,
Good Time,Alan Jackson,Country,happy,,
Hold the Line,Toto,Rock,happy,,
Hotline Bling,Drake,Hip-Hop/Rap,happy,,
I Will Survive,Gloria Gaynor,Soundtrack,happy,,
I'm Coming Out,Diana Ross,R&B/Soul,happy,,
I'm Free,Violent Femmes,Alternative,happy,,
I'm Gonna Be,Post Malone,Hip-Hop/Rap,happy,,
I'm Still Standing,Elton John,Pop,happy,,
I'm the One (feat. Justin Bieber & Quavo & Chance the Rapper & Lil Wayne),DJ Khaled,Hip-Hop/Rap,happy,,
iSpy (feat. Lil Yachty),KYLE,Hip-Hop/Rap,happy,,
It Never Rains In Southern California,Albert Hammond,Rock,happy,,
It's a Great Day to Be Alive,Travis Tritt,Country,happy,,
It's Five O' Clock Somewhere (feat. Jimmy Buffett),Alan Jackson,Country,happy,,
It's Tricky,Run-DMC,Hip-Hop/Rap,happy,,
Jackie Chan (feat. Preme & Post Malone),Tiësto & Dzeko,Dance,happy,,
Jet Airliner,Steve Miller Band,Rock,happy,,
Jolene (Single Version),Dolly Parton,Country,happy,,
Jump (For My Love),The Pointer Sisters,Pop,happy,,
Just the Two of Us (feat. Bill Withers),Grover Washington Jr.,Jazz,happy,,
Kashmir,Led Zeppelin,Rock,happy,,
Kiwi,Harry Styles,Pop,happy,,
Kryptonite,3 Doors Down,Rock,happy,,
Ladies' Night,Kool & The Gang,R&B/Soul,happy,,
Last Summer,The Shadowboxers,Soundtrack,happy,,
Lauren (Track 2),Prince Daddy & the Hyena,Alternative,happy,,
Lean Wit Me,Juice WRLD,Hip-Hop/Rap,happy,,
Lithium,Nirvana,Alternative,happy,,
Lovefool,The Cardigans,Pop,happy,,
Loving,Surfaces,R&B/Soul,happy,,
Lump,The Presidents of the United States of America,Alternative,happy,,
Maniac,Michael Sembello,Soundtrack,happy,,
Marlboro Nights,Lonely God,Alternative,happy,,
Mary Jane,Rick James,R&B/Soul,happy,,
The Middle,Zedd & Maren Morris & Grey,Dance,happy,,
Midnight Oil,California Breed,Hard Rock,happy,,
Mrs. Officer (feat. Bobby V & Kidd Kidd),Lil Wayne,Hip-Hop/Rap,happy,,
My Best Friend,Weezer,Rock,happy,,
My Best Friend's Girl,The Cars,Rock,happy,,
New Perspective,Panic! At the Disco,Soundtrack,happy,,
NO FUN,Joji,R&B/Soul,happy,,
No Rain,Blind Melon,Rock,happy,,
Nobody's Perfect,Hannah Montana,Pop,happy,,
NOSTYLIST,Destroy Lonely,Rap,happy,,
On the Run,Fat Night,R&B/Soul,happy,,
One Night in Bangkok,Murray Head,Pop,happy,,
Only Angel,Harry Styles,Pop,happy,,
Only You,Otis Kane,R&B/Soul,happy,,
Orange Girl,Dreamer Boy,Pop,happy,,
Oui,Jeremih,R&B/Soul,happy,,
Out of My League,Fitz and The Tantrums,Alternative,happy,,
Panama,Van Halen,Hard Rock,happy,,
Paralyzer,Finger Eleven,Rock,happy,,
Party In the U.S.A.,Miley Cyrus,Pop,happy,,
Peace of Mind,Boston,Rock,happy,,
Perfect,One Direction,Pop,happy,,
Piece of My Heart,Big Brother & The Holding Company,Pop,happy,,
pink skies,LANY,Alternative,happy,,
Plume,The Smashing Pumpkins,Hard Rock,happy,,
Pound the Alarm,Nicki Minaj,Hip-Hop/Rap,happy,,
Power Trip (feat. Miguel),J. Cole,Hip-Hop/Rap,happy,,
Pursuit of Happiness (Nightmare) [feat. MGMT & Ratatat],Kid Cudi,Hip-Hop/Rap,happy,,
Ransom,Lil Tecca,Hip-Hop/Rap,happy,,
Raspberry Beret,Prince & The Revolution,R&B/Soul,happy,,
Ready to Let Go,Cage the Elephant,Alternative,happy,,
Real Love Baby,Father John Misty,Alternative,happy,,
Redbone,Childish Gambino,R&B/Soul,happy,,
Redneck Woman,Gretchen Wilson,Country,happy,,
REEL IT IN,Aminé,Hip-Hop/Rap,happy,,
replica,quannnic,Rock,happy,,
Respect Yourself,The Staple Singers,Gospel,happy,,
Right Now (Na Na Na),Akon,R&B/Soul,happy,,
Riptide,Vance Joy,Alternative,happy,,
The Rock Show,blink-182,Pop,happy,,
Rock With You,Michael Jackson,Pop,happy,,
rockstar (feat. 21 Savage),Post Malone,Hip-Hop/Rap,happy,,
Scotty Doesn't Know,Lustra,Rock,happy,,
Scrawny,Wallows,Alternative,happy,,
Self Esteem,The Offspring,Alternative,happy,,
Selfish,PnB Rock,Hip-Hop/Rap,happy,,
Semi-Charmed Life,Third Eye Blind,Alternative,happy,,
Shine,Collective Soul,Rock,happy,,
Shred Cruz,Mom Jeans.,Alternative,happy,,
Sister Golden Hair,America,Pop,happy,,
SLOW DANCING IN THE DARK,Joji,R&B/Soul,happy,,
Smells Like Teen Spirit,Nirvana,Alternative,happy,,
Smoke Two Joints,Sublime,Alternative,happy,,
Smokin Out The Window,Silk Sonic & Bruno Mars & Anderson .Paak,R&B/Soul,happy,,
Song of the South,Alabama,Country,happy,,
Southern Nights,Glen Campbell,Country,happy,,
Starships,Nicki Minaj,Hip-Hop/Rap,happy,,
STAY,The Kid LAROI & Justin Bieber,Pop,happy,,
Strawberry Wine,Deana Carter,Country,happy,,
Stuck In The Middle,Tai Verdes,Pop,happy,,
SugarCrash!,ElyOtto,Pop,happy,,
Sultans of Swing,Dire Straits,Rock,happy,,
Sunday Best,Surfaces,Christian,happy,,
Sunshine,Ant Beale & Charlie Heat,Hip-Hop,happy,,
Sure Thing,Miguel,R&B/Soul,happy,,
Surf Wax America,Weezer,Pop,happy,,
Swang,Rae Sremmurd,Hip-Hop/Rap,happy,,
Sweet Child O' Mine,Guns N' Roses,Hard Rock,happy,,
Sweet Dreams (Are Made of This),Marilyn Manson,Hard Rock,happy,,
Take It Easy,Eagles,Rock,happy,,
Take It On the Run,REO Speedwagon,Rock,happy,,
Take Me To The Sun,d4vd,Alternative,happy,,
Teenage Blue,Dreamgirl,Pop,happy,,
Teenage Dream,Katy Perry,Pop,happy,,
A Teenager in Love (Remastered),Marty Wilde,Vocal,happy,,
thank u next,Ariana Grande,Pop,happy,,
That's What I Like,Bruno Mars,Pop,happy,,
Therefore I Am,Billie Eilish,Alternative,happy,,
The Things We Do For Love,10cc,Pop,happy,,
A Thousand Bad Times,Post Malone,Hip-Hop/Rap,happy,,
Tip Toe 4,Riff Raff & Yelawolf,Pop,happy,,
Tongue Tied,GROUPLOVE,Alternative,happy,,
Top of the World,Carpenters,Pop,happy,,
Trippple H (feat. Trippie Redd & D Savage),K Suave,Hip-Hop/Rap,happy,,
Truth Hurts,Lizzo,Pop,happy,,
Turn Me On (feat. Nicki Minaj),David Guetta,Pop,happy,,
Two Twelve Subwoofer,99zed & Saliva Grey,Hip-Hop/Rap,happy,,
Unwritten,Natasha Bedingfield,Pop,happy,,
Versace Summer,Jank,Rock,happy,,
Wait,Maroon 5,Pop,happy,,
Wait a Minute!,WILLOW,Alternative,happy,,
Watering the Garden,Brad stank,Alternative,happy,,
white wine,Lil Peep & Lil Tracy,Alternative Rap,happy,,
Wow.,Post Malone,Hip-Hop/Rap,happy,,
Wyclef Jean,Young Thug,Hip-Hop,happy,,
Y.M.C.A.,Village People,Disco,happy,,
Year of the Cat,Al Stewart,Pop,happy,,
You Can Do Magic,America,Rock,happy,,
Young Dumb & Broke,Khalid,R&B/Soul,happy,,
Zero,The Smashing Pumpkins,Hard Rock,happy,,
Adam's Song,blink-182,Rock,lonely,,
Ain't Nobody's Problem,The Lumineers,Alternative,lonely,,
All Girls Are the Same,Juice WRLD,Hip-Hop/Rap,lonely,,
all my friends,21 Savage,Hip-Hop/Rap,lonely,,
All My Rowdy Friends (Have Settled Down),Hank Williams Jr.,Country,lonely,,
Alone,Surfaces,R&B/Soul,lonely,,
ball w/o you,21 Savage,Hip-Hop/Rap,lonely,,
Birdhouse,Tiny Moving Parts,Alternative,lonely,,
Brakelights,Omar Apollo,R&B/Soul,lonely,,
CAN'T GET OVER YOU (feat. Clams Casino),Joji,R&B/Soul,lonely,,
Can't Get You Off My Mind,Lenny Kravitz,Rock,lonely,,
Cigarettes,Juice WRLD,Hip-Hop/Rap,lonely,,
A Dream With a Baseball Player,Faye Webster,Alternative,lonely,,
Familiar Patterns,PUP,Alternative,lonely,,
Feeling Lonely,boy pablo,Indie Rock,lonely,,
fragile (feat. wrenn),gnash,Alternative,lonely,,
Free Time,Ruel,Pop,lonely,,
Get to You,Michael Ray,Country,lonely,,
Good Ol’ Mr. Rags,Hot Mulligan,Alternative,lonely,,
Happiest Year,Jaymes Young,Alternative,lonely,,
Tar,Beach Goons,Alternative,lonely,,
Hurt Me,Juice WRLD,Hip-Hop/Rap,lonely,,
I,Lil Skies,Hip-Hop/Rap,lonely,,
I Get Lonely,Kodak Black,Hip-Hop/Rap,lonely,,
I Want You to Want Me (Live),Cheap Trick,Rock,lonely,,
I'm Not The Only One,Sam Smith,Pop,lonely,,
I'm So Lonesome I Could Cry,Johnny Cash,Country,lonely,,
Late Night Song For the Lonely,Oscar Lang,Alternative,lonely,,
lonely again,gnash,Pop,lonely,,
Lost in the Woods (Weezer Version),Weezer,Soundtrack,lonely,,
lovely,Billie Eilish & Khalid,Pop,lonely,,
Maple Syrup,The Backseat Lovers,Rock,lonely,,
me & ur ghost,blackbear,Pop,lonely,,
Moments Passed,Dermot Kennedy,Singer/Songwriter,lonely,,
new way,renforshort,Pop,lonely,,
Nights Like This (feat. Ty Dolla $ign),Kehlani,R&B/Soul,lonely,,
Nothing,Bruno Major,Alternative,lonely,,
One Number Away,Luke Combs,Country,lonely,,
Pills,Joji,R&B/Soul,lonely,,
Reminiscing,The Buttertones,Rock,lonely,,
Smile,PnB Rock,Hip-Hop/Rap,lonely,,
Sports,Beach Bunny,Alternative,lonely,,
Abracadabra,Steve Miller Band,Rock,love,,
Addicted,Saving Abel,Hard Rock,love,,
Ain't No Woman (Like the One I've Got),Four Tops,R&B/Soul,love,,
Ain't Nothing 'Bout You,Brooks & Dunn,Country,love,,
All I Ever Need,Austin Mahone,Pop,love,,
All I Need,The Frights,Alternative,love,,
All I Want to Do,Sugarland,Country,love,,
all the luv in my sick heart (alternate version),awfultune,Alternative,love,,
All To Myself,Dan + Shay,Country,love,,
All Your Love,Jakob,Alternative,love,,
Alone Together,Dan + Shay,Country,love,,
American Country Love Song,Jake Owen,Country,love,,
American Money,BØRNS,Alternative,love,,
Angels and Demons,Front Porch Step,Punk,love,,
Apocalypse,Cigarettes After Sex,Alternative,love,,
Apple Cider,beabadoobee,Alternative,love,,
Arachnophobia,Meth Wax,Rock,love,,
Are You Gonna Be My Girl,Jet,Rock,love,,
Attention,Victor Internet,R&B/Soul,love,,
Ava Adore,The Smashing Pumpkins,Hard Rock,love,,
Beast of Burden,The Rolling Stones,Rock,love,,
Beautiful,Bazzi,Pop,love,,
Beautiful Crazy,Luke Combs,Country,love,,
Beautiful Mess,Diamond Rio,Country,love,,
Beautiful Nightmare,Lil Tracy,Hip-Hop/Rap,love,,
Best Part (feat. Daniel Caesar),H.E.R.,R&B/Soul,love,,
Beyond,Leon Bridges,R&B/Soul,love,,
big city blues (feat. Cold Hart),Lil Peep,Alternative Rap,love,,
Blessed,Daniel Caesar,R&B/Soul,love,,
The Blue (feat. Snoop Dogg),Buddy,Rap,love,,
Blue Eyes (Bonus Track),Cary Brothers,Singer/Songwriter,love,,
Blue Moon,Billie Holiday,Jazz,love,,
Blushing,Video Age,Alternative,love,,
Bobby,Alex G,Alternative,love,,
Boo Thang (feat. Kelly Rowland),Verse Simmonds,R&B/Soul,love,,
BOYFREN,LoveLeo,Pop,love,,
Breathe,Lil Skies,Hip-Hop/Rap,love,,
Bring It On Home,Little Big Town,Country,love,,
Butterflies,Kacey Musgraves,Country,love,,
C U Girl,Steve Lacy,R&B/Soul,love,,
Can We Fall In Love,s.e. lane,Alternative,love,,
Can I Call You Tonight?,Dayglow,Alternative,love,,
Can't Help Falling in Love,Christian Leave,Pop,love,,
Can't Help Myself,Alexandra Savior,Rock,love,,
Cherry Hill,Russ,Hip-Hop/Rap,love,,
Coffee Breath,Sofia Mills,Pop,love,,
Corduroy Dreams,Rex Orange County,Alternative,love,,
Corrigan,Sorority Noise,Alternative,love,,
Dancing Alone,Black Pool,Alternative,love,,
Darling Divine,Wild Child,Folk,love,,
Dirty Love,Mt. Joy,Alternative,love,,
Dusk,Alice Phoebe Lou,Indie Pop,love,,
Easily,Bruno Major,Alternative,love,,
Easy to Love,Joe Simon,R&B/Soul,love,,
Easy to Love,Oscar Lang,Alternative,love,,
Edward 40Hands,Mom Jeans.,Alternative,love,,
Electric (feat. Khalid),Alina Baraz,Electronic,love,,
End of the Day,One Direction,Pop,love,,
Everything Is Yours,Kehlani,R&B/Soul,love,,
Exchange,Bryson Tiller,R&B/Soul,love,,
Eyes on You,Chase Rice,Country,love,,
Faithfully (2024 Remaster),Journey,Rock,love,,
Fall Into U,Oscar Lang,Alternative,love,,
Falling,Surfaces,R&B/Soul,love,,
Favorite Girl (Acoustic Version) [Live],Justin Bieber,Pop,love,,
First Date,blink-182,Rock,love,,
First Day of My Life,Bright Eyes,Alternative,love,,
Flirting in Space,Brad stank,Alternative,love,,
Fly,Common Kings,Reggae,love,,
Fool,Frankie Cosmos,Alternative,love,,
For Her,Chris Lane,Country,love,,
Forever World (feat. Trippie Redd),Lil Yachty,Hip-Hop/Rap,love,,
The Girl of My Best Friend,Elvis Presley,Rock,love,,
Golden Hour,Kacey Musgraves,Country,love,,
Good Recipe,Ruby Waters,Alternative,love,,
Gorgeous,mansionz,R&B/Soul,love,,
Green Eyes,Arlo Parks,R&B/Soul,love,,
Green Eyes,Wavves,Alternative,love,,
Green Tea & Honey (feat. Jereena Montemayor),Dane Amar,Hip-Hop/Rap,love,,
Hands Down,The Greeting Committee,Alternative,love,,
Happen Twice,Mark Whalen,Alternative,love,,
Hawaiian Boi,Triathalon,Rock,love,,
Heads or Tails,Winona Forever,Alternative,love,,
Hear My Thoughts,Powfu,Hip-Hop/Rap,love,,
Hearts Don't Break Around Here,Ed Sheeran,Pop,love,,
Hello World Open Your Mind,joseph rennie barnes,Hip-Hop/Rap,love,,
Here Tonight,Brett Young,Country,love,,
Honey,Kehlani,R&B/Soul,love,,
Hopeless,Khalid,R&B/Soul,love,,
How Was Your Day? (feat. Clairo),Mellow Fellow,Singer/Songwriter,love,,
How Would You Feel (Paean),Ed Sheeran,Pop,love,,
Humming,Turnover,Alternative,love,,
I Am Binded to You,Meth Wax,Rock,love,,
I Believe in a Thing Called Love,The Darkness,Hard Rock,love,,
I Believe in Love,Yellow Days,R&B/Soul,love,,
I Don't Mind,Defeater,Rock,love,,
I Fell in Love with Princess Peach,Hot Mulligan,Alternative,love,,
I Found a Boy,Adele,Pop,love,,
I Hate Everyone but You,Elita,Pop,love,,
I Honestly Love You,Delta Goodrem,Pop,love,,
I Like It,DeBarge,R&B/Soul,love,,
I Like the Things You Say,Junkie,Punk,love,,
I Love You,Alex & Sierra,Pop,love,,
I Love You So,The Walters,Alternative,love,,
i met sarah in the bathroom,awfultune,Alternative,love,,
i wanna be your girlfriend,girl in red,Pop,love,,
I Want You (She's So Heavy) [2019 Mix],The Beatles,Rock,love,,
If I Tremble,Front Porch Step,Punk,love,,
In a Good Way,Faye Webster,Alternative,love,,
In Case You Didn't Know,Brett Young,Country,love,,
Infrunami,Steve Lacy,R&B/Soul,love,,
It's You,Ali Gatie,R&B/Soul,love,,
It's You,Triathalon,Rock,love,,
Josie,blink-182,Rock,love,,
July,Grant Schaffer,Pop,love,,
June,Meth Wax,Rock,love,,
Kids In Love,Mayday Parade,Alternative,love,,
Kilby Girl,The Backseat Lovers,Rock,love,,
Lauren (Track 2),Prince Daddy & the Hyena,Alternative,love,,
Lavender Kiss,The Licks,R&B/Soul,love,,
Let Me Love You,Mario,R&B/Soul,love,,
Let's Stay Together,Al Green,R&B/Soul,love,,
Lights Down Low (feat. gnash),MAX,Pop,love,,
Like Crazy,Matt DiMona,Pop,love,,
like you lots,LANY,Alternative,love,,
Little Bit,Lykke Li,Alternative,love,,
Lonely Eyes,The Front Bottoms,Alternative,love,,
Loony,HOAX,Alternative,love,,
Losin Control,Russ,Hip-Hop/Rap,love,,
Lost in You,khai dreams,Alternative,love,,
Love Don't Change,Jeremih,R&B/Soul,love,,
Love on the Brain,Rihanna,Pop,love,,
Love Scars 3,Trippie Redd,Hip-Hop/Rap,love,,
Love song,Lana Del Rey,Alternative,love,,
Love Songs (Bonus),Kaash Paige,R&B/Soul,love,,
Lovesong,The Cure,Alternative,love,,
Lovin' on You,Luke Combs,Country,love,,
Loving Her,Katie Pruitt,Singer/Songwriter,love,,
Loving Is Easy (feat. Benny Sings),Rex Orange County,Alternative,love,,
Luv Bug,Wassup Rocker,Hip-Hop/Rap,love,,
Luv Note,chloe moriondo,Pop,love,,
lvr boy,awfultune,Alternative,love,,
Make Me Wanna,Thomas Rhett,Country,love,,
Me and You,Cold Hart & Lil Peep,Hip-Hop/Rap,love,,
Meet Virginia,Train,Rock,love,,
Michelle,Sir Chloe,Rock,love,,
midnight love,girl in red,Alternative,love,,
Million Little Reasons,Oscar Lang,Alternative,love,,
MINE,awfultune,Alternative,love,,
Mine,Bazzi,Pop,love,,
Minerva,Deftones,Hard Rock,love,,
My Girl,Dylan Scott,Country,love,,
Nakamarra (feat. Q-Tip),Hiatus Kaiyote,R&B/Soul,love,,
Necromancer,Joy Again,Pop,love,,
Need Your Love,Tennis,Alternative,love,,
Nervous,Sam Franklin,Pop,love,,
The Night We Met,Lord Huron,Indie Rock,love,,
Not My Type at All,Jacob Whitesides,Singer/Songwriter,love,,
Nothing,Bruno Major,Alternative,love,,
Nothing Like Us (Bonus Track),Justin Bieber,Pop,love,,
Ocean Breeze (Acoustic),Surfaces,Pop,love,,
One and Only,Cuco,Alternative,love,,
Only in My Dreams,The Marías,Alternative,love,,
Only She Knows,Loving,Alternative,love,,
Only When I,Alice Phoebe Lou,Indie Pop,love,,
Out of My Head,The Greeting Committee,Alternative,love,,
Over the Moon,The Marías,Indie Pop,love,,
Pale Blue Eyes,The Velvet Underground,Rock,love,,
Peach,The Front Bottoms,Rock,love,,
Peak (Fed Up),RAAHiiM,R&B/Soul,love,,
Please Be Mine,Molly Burch,Alternative,love,,
Poison,Brent Faiyaz,R&B/Soul,love,,
Porch Swing Angel,Muscadine Bloodline,Country,love,,
Pretty,HOAX,Alternative,love,,
Pretty Pictures,Indigo De Souza,Alternative,love,,
Private Fears in Public Places,Front Porch Step,Punk,love,,
Put a Little Love On Me,Niall Horan,Pop,love,,
Romeo & Juliet,Trippie Redd,Hip-Hop/Rap,love,,
Saudade Love,Sugar Candy Mountain,Rock,love,,
Saved,Khalid,R&B/Soul,love,,
Saw You In A Dream,The Japanese House,Alternative,love,,
say anything,girl in red,Pop,love,,
Say You Love Me,Fleetwood Mac,Rock,love,,
Sensitivity,Worn-Tin,Alternative,love,,
Shaky in the Knees,Grizfolk,Alternative,love,,
She,dodie,Pop,love,,
She,Ed Sheeran,Pop,love,,
She,Harry Styles,Pop,love,,
She Will Be Loved,Maroon 5,Vocal,love,,
She's Always a Woman,Billy Joel,Rock,love,,
She's Everything,Brad Paisley,Country,love,,
She's the One,Juice WRLD,Hip-Hop/Rap,love,,
Shut Up Kiss Me,Angel Olsen,Alternative,love,,
Single,The Neighbourhood,Alternative,love,,
Skateboarding Girl,Sick Sad World,Rock,love,,
Skater Shawty,Crisaunt,Indie Pop,love,,
Skeleton Key,Origami Angel,Rock,love,,
Skin,Dijon,R&B/Soul,love,,
Slow Hands,Niall Horan,Pop,love,,
Small,chloe moriondo,Pop,love,,
Smile,Juice WRLD & The Weeknd,Hip-Hop/Rap,love,,
So Good (feat. Khai Dreams),Forrest.,R&B/Soul,love,,
Sofia,Clairo,Alternative,love,,
Softly,Clairo,Alternative,love,,
Soldier,James TW,Singer/Songwriter,love,,
Some,Steve Lacy,R&B/Soul,love,,
Something About You,Eyedress & Dent May,Rock,love,,
Something Holy,Alice Phoebe Lou,Blues,love,,
Staying Together,Bry,Pop,love,,
Steeeam,Shelly,Alternative,love,,
Stella Brown,Jelani Aryeh,Alternative,love,,
Suzie Q,Creedence Clearwater Revival,Rock,love,,
Sweet,Cigarettes After Sex,Alternative,love,,
Sweet Creature,Harry Styles,Pop,love,,
Take My Hand (The Wedding Song) [feat. Will Anderson],Emily Hackett,Singer/Songwriter,love,,
Tangerine,Jesse Jo Stark,Country,love,,
Tell Me U Luv Me,Juice WRLD & Trippie Redd,Hip-Hop/Rap,love,,
Together,Trippie Redd,Hip-Hop/Rap,love,,
Touch,Alice Phoebe Lou,Pop,love,,
Treat You Right,Yellow Days,R&B/Soul,love,,
tru luv street,awfultune,Alternative,love,,
T-Shirt,Thomas Rhett,Country,love,,
Understand,Christian Leave,Alternative,love,,
Unfinished,Mineral,Alternative,love,,
Unfoolish,Ashanti,Hip-Hop/Rap,love,,
watch you sleep.,girl in red,Alternative,love,,
Watching You,Robinson,Pop,love,,
We Fell in Love in October,girl in red,Alternative,love,,
What If I Told You That I Love You,Ali Gatie,Pop,love,,
You,DWLLRS,Alternative,love,,
a&t,21 Savage,Hip-Hop/Rap,party,,
Abg,Quando Rondo,Hip-Hop/Rap,party,,
Act Up,City Girls,Hip-Hop/Rap,party,,
Addicted to My Ex,M City JR,Hip-Hop/Rap,party,,
After Party,Don Toliver,Hip-Hop/Rap,party,,
Ain't Livin Right (feat. Gunna),Future & Juice WRLD,Hip-Hop/Rap,party,,
All I Need (One Mo Drank) [feat. K CAMP],Juicy J,Hip-Hop/Rap,party,,
ALL IN,ZaeHD & CEO,Hip-Hop,party,,
All Me (feat. 2 Chainz & Big Sean),Drake,Hip-Hop/Rap,party,,
All Mine,Kanye West,Hip-Hop/Rap,party,,
All the Way Turnt Up (feat. Soulja Boy Tell 'Em) [Jon Wilkes Rock Remix],Roscoe Dash,Hip-Hop/Rap,party,,
Alligator,Jank,Rock,party,,
Anaconda,Nicki Minaj,Hip-Hop/Rap,party,,
Animal (feat. DaBaby),Stunna 4 Vegas,Hip-Hop/Rap,party,,
Antidote,Travis Scott,Hip-Hop/Rap,party,,
Anybody (feat. Nicki Minaj),Young Thug,Hip-Hop/Rap,party,,
Armed & Dangerous,King Von,Hip-Hop/Rap,party,,
Armed and Dangerous,Juice WRLD,Hip-Hop/Rap,party,,
Ashes of Luxury,$uicideboy$,Hip-Hop,party,,
Audi.,Smokepurpp,Hip-Hop/Rap,party,,
Audubon,$uicideboy$,Hip-Hop,party,,
Avalon,$uicideboy$,Hip-Hop,party,,
AWKWARD CAR DRIVE (feat. $uicideBoy$),Germ,Hip-Hop,party,,
Ayy Ladies,Travis Porter,Hip-Hop/Rap,party,,
Back To Back,Drake,Hip-Hop/Rap,party,,
Backseat Freestyle,Kendrick Lamar,Hip-Hop/Rap,party,,
Bad and Boujee (feat. Lil Uzi Vert),Migos,Hip-Hop/Rap,party,,
Bad Bad Bad (feat. Lil Baby),Young Thug,Hip-Hop/Rap,party,,
Bandit,Juice WRLD & YoungBoy Never Broke Again,Hip-Hop/Rap,party,,
Bank Account,21 Savage,Hip-Hop/Rap,party,,
beamer boy,Lil Peep & Nedarb,Alternative Rap,party,,
The Bees Knees,Juice WRLD,Hip-Hop/Rap,party,,
Betrayal (feat. Drake),Trippie Redd,Hip-Hop/Rap,party,,
BIG BANK (feat. 2 Chainz & Big Sean & Nicki Minaj),YG,Hip-Hop/Rap,party,,
Bodak Yellow,Cardi B,Hip-Hop/Rap,party,,
Body,Megan Thee Stallion,Hip-Hop/Rap,party,,
Boot It Up,Shoreline Mafia,Hip-Hop/Rap,party,,
Bottoms Up (feat. Nicki Minaj),Trey Songz,R&B/Soul,party,,
Bring out Your Dead,$uicideboy$,Hip-Hop,party,,
Brothers (feat. Luh Kel),Bankrol Hayden,Hip-Hop/Rap,party,,
Buy U a Drank (Shawty Snappin') [feat. Yung Joc],T-Pain,Hip-Hop/Rap,party,,
Brown Paper Bag,Migos,Hip-Hop/Rap,party,,
Can’t Take A Joke,Drake,Hip-Hop/Rap,party,,
can't leave without it,21 Savage,Hip-Hop/Rap,party,,
Captain Hook,Megan Thee Stallion,Hip-Hop/Rap,party,,
Casper,Takeoff,Hip-Hop/Rap,party,,
Catch Me Outside,Ski Mask the Slump God,Hip-Hop/Rap,party,,
Chanel (Go Get It) [feat. Gunna & Lil Baby],Young Thug & Young Stoner Life,Hip-Hop/Rap,party,,
Chaos Castle (feat. Eddy Baker & Chris Travis & Bones),Xavier Wulf,Hip-Hop/Rap,party,,
Chariot (feat. Meek Mill & Lil Durk & Young Thug),Calboy,Hip-Hop/Rap,party,,
Check,Young Thug,Hip-Hop/Rap,party,,
Chill Bill (feat. J. Davi$ & Spooks),Rob $tone,Hip-Hop/Rap,party,,
Clout (feat. 21 Savage),Ty Dolla $ign,Hip-Hop/Rap,party,,
Clout (feat. Cardi B),Offset,Hip-Hop/Rap,party,,
Cocky (feat. London On Da Track),A$AP Rocky & Gucci Mane & 21 Savage,Hip-Hop/Rap,party,,
Coco (feat. DaBaby),24kGoldn,Hip-Hop/Rap,party,,
Cocoon,Migos,Hip-Hop/Rap,party,,
Collard Greens (feat. Kendrick Lamar),ScHoolboy Q,Hip-Hop/Rap,party,,
Crashin' Out,Young Dolph,Hip-Hop/Rap,party,,
Creeping (feat. Rich the Kid),Lil Skies,Hip-Hop/Rap,party,,
Cut It (feat. Young Dolph),O.T. Genasis,Hip-Hop/Rap,party,,
Cut Up,Blac Youngsta,Hip-Hop/Rap,party,,
Danny Phantom (feat. XXXTENTACION),Trippie Redd,Hip-Hop/Rap,party,,
Danza Kuduro (feat. Lucenzo),Don Omar,Urbano latino,party,,
Dark Conversation,Rod Wave,Hip-Hop/Rap,party,,
Dark Knight Dummo (feat. Travis Scott),Trippie Redd,Hip-Hop/Rap,party,,
Designer,Lil Pump,Hip-Hop/Rap,party,,
Did It Again,Lil Tecca,Hip-Hop/Rap,party,,
Die Young,Roddy Ricch,Hip-Hop/Rap,party,,
Digits,Young Thug,Hip-Hop,party,,
Dip Dip,21 Savage,Hip-Hop/Rap,party,,
DNA.,Kendrick Lamar,Hip-Hop/Rap,party,,
Do Not Disturb (feat. Kamaiyah & G-Eazy),YG,Hip-Hop/Rap,party,,
Do What I Want,Lil Uzi Vert,Hip-Hop,party,,
Doin 2 Much,Moneybagg Yo & Yo Gotti,Hip-Hop/Rap,party,,
Don't Come Out the House (feat. 21 Savage),Metro Boomin,Hip-Hop/Rap,party,,
Down On Me (feat. 50 Cent),Jeremih & 50 Cent,R&B/Soul,party,,
Drip (feat. Migos),Cardi B,Hip-Hop/Rap,party,,
Drip or Drown,Gunna,Hip-Hop/Rap,party,,
Drip Too Hard,Lil Baby & Gunna,Hip-Hop/Rap,party,,
Drop (feat. Blac Youngsta & BlocBoy JB),G-Eazy,Hip-Hop/Rap,party,,
Drowning (feat. Kodak Black),A Boogie wit da Hoodie,Hip-Hop/Rap,party,,
End of the Day,One Direction,Pop,party,,
Energy,Drake,Hip-Hop/Rap,party,,
Escape From BABYLON,$uicideboy$,Hip-Hop,party,,
Esskeetit,Lil Pump,Hip-Hop/Rap,party,,
EVERY CHANCE I GET (feat. Lil Baby & Lil Durk),DJ Khaled,Hip-Hop/Rap,party,,
Everyday We Lit (Remix) [feat. PnB Rock & Lil Yachty & Wiz Khalifa],YFN Lucci,Hip-Hop/Rap,party,,
Faneto,Chief Keef,Hip-Hop/Rap,party,,
Faucet Failure,Ski Mask the Slump God,Hip-Hop/Rap,party,,
Feel It,Young Thug,Hip-Hop/Rap,party,,
Feel It,21 Savage & Metro Boomin,Rap,party,,
FEFE (feat. Nicki Minaj & Murda Beatz),6ix9ine,Hip-Hop/Rap,party,,
Female Gucci Mane,Sexyy Red,Hip-Hop/Rap,party,,
Fight Night,Migos,Hip-Hop/Rap,party,,
Fighting My Demons,Ken Carson,Hip-Hop/Rap,party,,
Finish Line,Trippie Redd,Hip-Hop/Rap,party,,
First Class,Jack Harlow,Hip-Hop/Rap,party,,
First Light,Xavier Wulf,Hip-Hop/Rap,party,,
flirt right back,blackbear,R&B/Soul,party,,
The Flute Song,Russ,Hip-Hop/Rap,party,,
Foot Fungus,Ski Mask the Slump God,Hip-Hop/Rap,party,,
Freestyle 2,Ken Carson,Hip-Hop/Rap,party,,
Frosted Flakes,Quality Control & Migos,Hip-Hop/Rap,party,,
G.O.A.T. (feat. ARoc),Eric Bellinger,R&B/Soul,party,,
Get Away,Young Dolph,Hip-Hop/Rap,party,,
Get Low (feat. Ying Yang Twins),Lil Jon & The East Side Boyz,Dirty South,party,,
Get Right Witcha,Migos,Hip-Hop/Rap,party,,
Girls in the Hood,Megan Thee Stallion,Hip-Hop/Rap,party,,
Go Loko (feat. Tyga & Jon Z),YG,Hip-Hop/Rap,party,,
God's Plan,Drake,Hip-Hop/Rap,party,,
Goin Baby,DaBaby,Hip-Hop/Rap,party,,
Going Bad (feat. Drake),Meek Mill,Hip-Hop/Rap,party,,
Going Schitz,Ken Carson,Hip-Hop/Rap,party,,
Gold Digger (feat. Jamie Foxx),Kanye West,Hip-Hop/Rap,party,,
GOLD STACKS,Future,Hip-Hop/Rap,party,,
GOODMORNINGTOKYO!,TOKYO'S REVENGE,Hip-Hop/Rap,party,,
Grace,Lil Baby & 42 Dugg,Hip-Hop/Rap,party,,
The Grinch,Trippie Redd,Hip-Hop/Rap,party,,
Gucci Flip Flops (feat. Lil Yachty),Bhad Bhabie,Hip-Hop/Rap,party,,
Gucci Gang,Lil Pump,Hip-Hop/Rap,party,,
Gucci On My (feat. 21 Savage & YG & Migos),Mike WiLL Made-it,Hip-Hop/Rap,party,,
Handsome And Wealthy,Migos,Hip-Hop/Rap,party,,
Hang (feat. Kankan),K Suave,Hip-Hop/Rap,party,,
Hannah Montana,Migos,Hip-Hop/Rap,party,,
Hate Bein' Sober (feat. 50 Cent & Wiz Khalifa),Chief Keef,Hip-Hop/Rap,party,,
HBS,Lil Keed,Hip-Hop/Rap,party,,
HeadBand (feat. 2 Chainz),B.o.B,Hip-Hop/Rap,party,,
Headlines,Drake,Hip-Hop/Rap,party,,
Hefner,Tana Mongeau,Hip-Hop/Rap,party,,
Hellcats SRTs,Sexyy Red,Hip-Hop/Rap,party,,
Hit the Scene,White $osa & NLE Choppa,Hip-Hop/Rap,party,,
Hmmm,Hott Headzz,Rap,party,,
Hold On,Lil Tjay,Hip-Hop/Rap,party,,
Hollyhood,Kodak Black,Hip-Hop/Rap,party,,
Hood Rats,Sexyy Red & Sukihana,Hip-Hop/Rap,party,,
Hot (Remix) [feat. Gunna and Travis Scott],Young Thug,Hip-Hop/Rap,party,,
hot girl bummer,blackbear,Pop,party,,
Hot Now,YoungBoy Never Broke Again,Hip-Hop/Rap,party,,
Taste (feat. Offset),Tyga,Hip-Hop/Rap,party,,
Hot Summer,DJ Durel & Migos,Hip-Hop/Rap,party,,
How It Feels,Lil Baby & Lil Durk,Hip-Hop/Rap,party,,
How You Feel? (Freestyle) [feat. Lil Yachty & Ski Mask the Slump God],DJ Scheme & Danny Towers,Hip-Hop/Rap,party,,
HUMBLE.,Kendrick Lamar,Hip-Hop/Rap,party,,
I Don't Like (feat. Lil Reese),Chief Keef,Hip-Hop/Rap,party,,
I Don't Mind (feat. Juicy J),USHER,R&B/Soul,party,,
I Kissed a Girl,Katy Perry,Pop,party,,
I Like Girls (feat. Lil Skies),PnB Rock,Hip-Hop/Rap,party,,
I Like It,Cardi B & Bad Bunny & J Balvin,Hip-Hop/Rap,party,,
I Mean It (feat. Remo),G-Eazy,Hip-Hop/Rap,party,,
i need u,Ken Carson,Hip-Hop/Rap,party,,
i SHYNE,Carnage & Lil Pump,Rap,party,,
Ice Tray,Quality Control & Quavo & Lil Yachty,Hip-Hop/Rap,party,,
Iced Out (feat. 2 Chainz),Lil Pump,Hip-Hop/Rap,party,,
Icy (feat. Gucci Mane),Logic,Hip-Hop/Rap,party,,
Immortal,21 Savage,Hip-Hop/Rap,party,,
In My Feelings,Drake,Hip-Hop/Rap,party,,
IV. Sweatpants,Childish Gambino,Hip-Hop/Rap,party,,
JETLGGD,Destroy Lonely,Rap,party,,
Jettski Grizzley (feat. Lil Pump),Tee Grizzley,Hip-Hop/Rap,party,,
JUMP (feat. YoungBoy Never Broke Again),DaBaby,Hip-Hop/Rap,party,,
Jumpin (feat. Polo G),NLE Choppa,Hip-Hop/Rap,party,,
Jumpman,Drake & Future,Hip-Hop/Rap,party,,
Kelly Price (feat. Travis Scott),Migos,Hip-Hop/Rap,party,,
Kept Back (feat. Lil Pump) [Bonus Track],Gucci Mane,Hip-Hop/Rap,party,,
King's Dead,Jay Rock & Kendrick Lamar & Future & James Blake,Hip-Hop/Rap,party,,
Kiss Me Thru the Phone (feat. Sammie),Soulja Boy Tell 'Em,Hip-Hop/Rap,party,,
Knife Talk (feat. 21 Savage & Project Pat),Drake,Hip-Hop/Rap,party,,
Knock Knock,SoFaygo,Hip-Hop/Rap,party,,
Krispy Kreme,Smokepurpp,Hip-Hop/Rap,party,,
Leedle Leedle Lee,TrippythaKid,Hip-Hop/Rap,party,,
Legacy (feat. Travis Scott & 21 Savage),Offset,Hip-Hop/Rap,party,,
Lifestyle (feat. Young Thug & Rich Homie Quan),Rich Gang,Hip-Hop/Rap,party,,
Live a Lil (feat. MadeinTYO & UnoTheActivist),Good Gas & FKi 1st,Hip-Hop,party,,
LNLY,Destroy Lonely,Hip-Hop,party,,
Long Hair,The Last Mr. Bigg,Alternative,party,,
Look Alive,Rae Sremmurd,Hip-Hop/Rap,party,,
Look Alive (feat. Drake),BlocBoy JB,Hip-Hop/Rap,party,,
Look Back at It,A Boogie wit da Hoodie,Hip-Hop/Rap,party,,
Lookin (feat. Lil Uzi Vert),Playboi Carti,Hip-Hop/Rap,party,,
a lot,21 Savage,Hip-Hop/Rap,party,,
Love Sosa,Chief Keef,Hip-Hop/Rap,party,,
Low (feat. T-Pain),Flo Rida,Hip-Hop/Rap,party,,
Low Life (feat. The Weeknd),Future,Hip-Hop/Rap,party,,
Magnolia,Playboi Carti,Hip-Hop/Rap,party,,
Main Chick (feat. Chris Brown),Kid Ink,Hip-Hop/Rap,party,,
Major (feat. Key Glock),Young Dolph,Hip-Hop/Rap,party,,
Mask Off,Future,Hip-Hop/Rap,party,,
Masterpiece,DaBaby,Hip-Hop/Rap,party,,
MDMA (feat. Destroy Lonely),Ken Carson,Hip-Hop/Rap,party,,
Menace (feat. Lil Yachty & Quavo & Offset),Quality Control,Hip-Hop/Rap,party,,
Mercy (feat. Big Sean & Pusha T & 2 Chainz),Kanye West,Hip-Hop/Rap,party,,
A Milli,Lil Wayne,Hip-Hop/Rap,party,,
Minnesota (feat. Quavo & Skippa da Flippa & Young Thug),Lil Yachty,Hip-Hop/Rap,party,,
Miss The Rage,Trippie Redd & Playboi Carti,Hip-Hop/Rap,party,,
Mo Bamba,Sheck Wes,Hip-Hop/Rap,party,,
Money,Cardi B,Hip-Hop/Rap,party,,
Money Bag,Cardi B,Hip-Hop/Rap,party,,
Money Convo,21 Savage,Hip-Hop/Rap,party,,
Money In The Grave (feat. Rick Ross),Drake,Hip-Hop/Rap,party,,
Money Longer,Lil Uzi Vert,Hip-Hop,party,,
Mooo!,Doja Cat,R&B/Soul,party,,
MotorSport,Migos,Hip-Hop/Rap,party,,
The Motto (feat. Lil Wayne) [Bonus Track],Drake,Hip-Hop/Rap,party,,
My Type,Saweetie,Hip-Hop/Rap,party,,
My Way,Queen Key,Rap,party,,
My X,Rae Sremmurd,Hip-Hop/Rap,party,,
Narcos,Migos,Hip-Hop/Rap,party,,
Nasty Freestyle Pt. 2,T-Wayne,Hip-Hop/Rap,party,,
Nephew (feat. Lil Pump),Smokepurpp,Hip-Hop/Rap,party,,
Never Recover,Lil Baby & Gunna & Drake,Hip-Hop/Rap,party,,
New Freezer (feat. Kendrick Lamar),Rich The Kid,Hip-Hop/Rap,party,,
No Flockin,Kodak Black,Hip-Hop,party,,
No Hands (feat. Roscoe Dash & Wale),Waka Flocka Flame,Hip-Hop/Rap,party,,
No Heart,21 Savage & Metro Boomin,Rap,party,,
No Limit (feat. A$AP Rocky & Cardi B),G-Eazy,Hip-Hop/Rap,party,,
NorthStar (feat. Joyner Lucas) [Remix],XXXTENTACION,Pop,party,,
O Pana!,$uicideboy$,Hip-Hop,party,,
OK (feat. Lil Pump),Smokepurpp,Hip-Hop/Rap,party,,
On the River (feat. Wiz Khalifa),Young Dolph,Hip-Hop/Rap,party,,
Only (feat. Drake & Lil Wayne & Chris Brown),Nicki Minaj,Hip-Hop/Rap,party,,
Ooouuu,Young M.A,Hip-Hop/Rap,party,,
Outside Today,YoungBoy Never Broke Again,Hip-Hop/Rap,party,,
Party Girl,StaySolidRocky,Hip-Hop/Rap,party,,
PDBMH,Ken Carson,Hip-Hop/Rap,party,,
PICK IT UP (feat. A$AP Rocky),Famous Dex,Hip-Hop/Rap,party,,
pick up the phone,Young Thug & Travis Scott,Hip-Hop/Rap,party,,
Pineapple (feat. Gucci Mane & Quavo),Ty Dolla $ign,Hip-Hop/Rap,party,,
Pipe It Up,Migos,Hip-Hop/Rap,party,,
Plain Jane,A$AP Ferg,Hip-Hop/Rap,party,,
Plug Walk,Rich The Kid,Hip-Hop/Rap,party,,
POCKET ROCKET,Cochise,Hip-Hop/Rap,party,,
Poles (feat. NLE Choppa),Quin NFN,Hip-Hop/Rap,party,,
Pop Out (feat. Lil Tjay),Polo G,Hip-Hop/Rap,party,,
Pop Style (feat. The Throne),Drake,Hip-Hop/Rap,party,,
Poppin,Yeat,Hip-Hop/Rap,party,,
Position to Win,Migos,Hip-Hop/Rap,party,,
Pound Town,Sexyy Red & Tay Keith,Hip-Hop/Rap,party,,
Powerglide (feat. Juicy J) [From SR3MM],Rae Sremmurd & Swae Lee & Slim Jxmmi,Hip-Hop/Rap,party,,
Pressurelicious (feat. Future),Megan Thee Stallion,Hip-Hop/Rap,party,,
Pulled Up (feat. 2 Chainz),Young Dolph,Hip-Hop/Rap,party,,
Pure Cocaine,Lil Baby,Hip-Hop/Rap,party,,
Pure Water,Mustard & Migos,Hip-Hop/Rap,party,,
The Race (feat. 21 Savage & Young Nudy) [Remix],Tay-K,Hip-Hop/Rap,party,,
Rake It Up (feat. Nicki Minaj),Yo Gotti,Hip-Hop/Rap,party,,
Realer N Realer,Future & Juice WRLD,Hip-Hop/Rap,party,,
Red Head,Cochise,Hip-Hop/Rap,party,,
Red Opps,21 Savage,Hip-Hop/Rap,party,,
Request Refused,Xavier Wulf,Hip-Hop/Rap,party,,
Ric Flair Drip,Offset & Metro Boomin,Hip-Hop/Rap,party,,
Rich Flex,Drake & 21 Savage,Hip-Hop/Rap,party,,
Rock N Roll,Ken Carson,Rap,party,,
ROCKSTAR (feat. Roddy Ricch),DaBaby,Hip-Hop/Rap,party,,
Roll in Peace (feat. XXXTENTACION),Kodak Black,Hip-Hop/Rap,party,,
Rover 2.0 (feat. 21 Savage),BlocBoy JB,Hip-Hop/Rap,party,,
ROXANNE,Arizona Zervas,Hip-Hop/Rap,party,,
Run + Ran,Ken Carson,Rap,party,,
Savage,Megan Thee Stallion,Hip-Hop/Rap,party,,
Shmunk (feat. YoungBoy Never Broke Again),Yeat,Hip-Hop/Rap,party,,
Shoota (feat. Lil Uzi Vert),Playboi Carti,Hip-Hop/Rap,party,,
Shotta Flow (feat. Blueface) [Remix],NLE Choppa,Hip-Hop/Rap,party,,
Shotta Flow 3,NLE Choppa,Hip-Hop/Rap,party,,
SICKO MODE,Travis Scott,Hip-Hop/Rap,party,,
Six Lines Two Dragons and a Messiah,$uicideboy$ & Shakewell,Hip-Hop,party,,
Skateboard P (Mixtape),MadeinTYO,Hip-Hop/Rap,party,,
SkeeYee,Sexyy Red,Hip-Hop/Rap,party,,
Slippery (feat. Gucci Mane),Migos,Hip-Hop/Rap,party,,
Slob on My Knob,Tear Da Club Up Thugs,Hip-Hop/Rap,party,,
SOARIN,Destroy Lonely,Hip-Hop,party,,
Solitaire (feat. Migos & Lil Yachty),Gucci Mane,Hip-Hop/Rap,party,,
Splashin,Rich The Kid,Hip-Hop/Rap,party,,
Squidward Nose,cupcakKe,Hip-Hop/Rap,party,,
Started From the Bottom,Drake,Hip-Hop/Rap,party,,
Startender (feat. Offset and Tyga),A Boogie wit da Hoodie,Hip-Hop/Rap,party,,
Stir Fry,Migos,Hip-Hop/Rap,party,,
Stupid Hoe,Nicki Minaj,Hip-Hop/Rap,party,,
Sum 2 Prove,Lil Baby,Hip-Hop/Rap,party,,
Super Bass,Nicki Minaj,Pop,party,,
Swimming Pools (Drank) [Extended Version],Kendrick Lamar,Hip-Hop/Rap,party,,
Thief,Riven,Hip-Hop/Rap,party,,
Time Today,Moneybagg Yo,Hip-Hop/Rap,party,,
TOES (feat. Lil Baby & Moneybagg Yo),DaBaby,Hip-Hop/Rap,party,,
Trappa,Young Dolph,Hip-Hop/Rap,party,,
T-Shirt,Migos,Hip-Hop/Rap,party,,
Tunnel Vision,Kodak Black,Hip-Hop,party,,
Turban,Yeat,Hip-Hop/Rap,party,,
Turn Up,Ken Carson,Hip-Hop/Rap,party,,
TURNINUP,Destroy Lonely,Hip-Hop,party,,
Twerk (feat. Cardi B),City Girls,Hip-Hop/Rap,party,,
Ugly,$uicideboy$,Hip-Hop,party,,
vent,Baby Keem,Hip-Hop/Rap,party,,
Voss (feat. Carnage & Sauce Walka),XXXTENTACION,Pop,party,,
Walk It Talk It (feat. Drake),Migos,Hip-Hop/Rap,party,,
Water,Ugly God,Hip-Hop,party,,
WE JUS WANNA GET HIGH,Future,Hip-Hop/Rap,party,,
We Paid,Lil Baby & 42 Dugg,Hip-Hop/Rap,party,,
West Coast,G-Eazy & Blueface,Hip-Hop/Rap,party,,
Whole Lotta Grey,$uicideboy$ & Shakewell,Hip-Hop,party,,
Wicked,Future,Hip-Hop/Rap,party,,
Woa...!,Yeat,Hip-Hop/Rap,party,,
X (feat. Future),21 Savage & Metro Boomin,Rap,party,,
X ta C,Yeat,Hip-Hop/Rap,party,,
XO TOUR Llif3,Lil Uzi Vert,Hip-Hop/Rap,party,,
Yale,Ken Carson,Hip-Hop/Rap,party,,
Yeah! (feat. Lil Jon & Ludacris),USHER,R&B/Soul,party,,
Yung Minor Threat,Germ,Hip-Hop/Rap,party,,
ZEZE (feat. Travis Scott & Offset),Kodak Black,Hip-Hop/Rap,party,,
10 Freaky Girls (feat. 21 Savage),Metro Boomin,Hip-Hop/Rap,party,,
100 Shots,Young Dolph,Hip-Hop/Rap,party,,
679 (feat. Remy Boyz),Fetty Wap,Hip-Hop/Rap,party,,
2 Phones,Kevin Gates,Hip-Hop/Rap,party,,
6Locc 6A6y,Lil Loaded,Hip-Hop/Rap,party,,
Again,Alice In Chains,Hard Rock,sad,,
Ain't It Fun (Live),Rocket from the Tombs,Rock,sad,,
All Around You,Sturgill Simpson,Country,sad,,
Always Focused,Tiny Moving Parts,Alternative,sad,,
Ambrosia,Rosie Tucker,Alternative,sad,,
...And to Those I Love Thanks for Sticking Around,$uicideboy$,Hip-Hop,sad,,
Antarctica,$uicideboy$,Hip-Hop,sad,,
As Tears Go By,Billy Uomo,R&B/Soul,sad,,
At Least I Tried,Joie De Vivre,Alternative,sad,,
bad idea!,girl in red,Alternative,sad,,
Bartender Song (aka Sittin' at a Bar) [Alt/Rock Mix],Rehab,Rock,sad,,
Be Alright,Dean Lewis,Singer/Songwriter,sad,,
Beater,Marietta,Rock,sad,,
Betrayed,Lil Xan,Hip-Hop/Rap,sad,,
Better Man,Pearl Jam,Alternative,sad,,
Better Off (Dying),Lil Peep,Rock,sad,,
Black,Pearl Jam,Alternative,sad,,
Black Cats,ZillaKami,Rock,sad,,
Black Hole Sun,Soundgarden,Hard Rock,sad,,
Blaming Myself,Weiland & MIKE DEAN,Alternative,sad,,
Blank,Glare,Alternative,sad,,
Blondie,Current Joys,Alternative,sad,,
Blurry,Puddle of Mudd,Rock,sad,,
Bones,Crumb,Rock,sad,,
Boys,Beach Bunny,Alternative,sad,,
Breathe In,Remo Drive,EMO,sad,,
Broken,Lund,Alternative,sad,,
Broken (feat. Amy Lee),Seether,Hard Rock,sad,,
Broken Window Serenade,Whiskey Myers,Country,sad,,
C U,BENEE,Alternative,sad,,
Change,flyingfish,Alternative,sad,,
Change,Oscar Lang,Alternative,sad,,
Change (In the House of Flies),Deftones,Hard Rock,sad,,
changes,XXXTENTACION,Pop,sad,,
Changes (feat. The Budos Band),Charles Bradley,Soul,sad,,
Cherry,Harry Styles,Pop,sad,,
Child Psychology,Black Box Recorder,Alternative,sad,,
Circles,Post Malone,Hip-Hop/Rap,sad,,
Clear Bones,Jean Dawson,Alternative,sad,,
The Climb,Miley Cyrus,Soundtrack,sad,,
Coaster,Khalid,R&B/Soul,sad,,
Cold,deer death,Rock,sad,,
Cold Blooded,Khalid,R&B/Soul,sad,,
comethru,Jeremy Zucker,Pop,sad,,
Could've Been (feat. Bryson Tiller),H.E.R.,R&B/Soul,sad,,
crash my whip,iann dior,Hip-Hop/Rap,sad,,
Cry Alone,Lil Peep,Hip-Hop/Rap,sad,,
Dancefloor,Mary Glenn,Traditional Folk,sad,,
Dead Inside (Interlude),XXXTENTACION,Hip-Hop/Rap,sad,,
Deep,Summer Walker,R&B/Soul,sad,,
Deep Brown Eyes,Bedside Kites,Alternative,sad,,
Deep End,Holly Humberstone,Pop,sad,,
Deluxe Capacitor (Acoustic),Hot Mulligan,Alternative,sad,,
Depression & Obsession,XXXTENTACION,Hip-Hop/Rap,sad,,
difference (interlude),XXXTENTACION,Pop,sad,,
A Different Age,Current Joys,Rock,sad,,
Don't Cry,Guns N' Roses,Hard Rock,sad,,
Don't Let It Break Your Heart,Louis Tomlinson,Pop,sad,,
Downtown,Triathalon,Rock,sad,,
Dreaming of You,Cigarettes After Sex,Alternative,sad,,
Drown,Cuco & Clairo,Pop,sad,,
Drown (Edit),The Smashing Pumpkins,Hard Rock,sad,,
Duvet,Boa,Indie Pop,sad,,
D'yer Mak'er,Led Zeppelin,Rock,sad,,
Each Time You Fall In Love,Cigarettes After Sex,Alternative,sad,,
Elise,The Greeting Committee,Alternative,sad,,
emotions,iann dior,Hip-Hop/Rap,sad,,
Empty,Juice WRLD,Hip-Hop/Rap,sad,,
Everything I Own,Bread,Rock,sad,,
Everything Is in Your Hands,Old Gray,Alternative,sad,,
Ex,James TW,Singer/Songwriter,sad,,
Fast,Juice WRLD,Hip-Hop/Rap,sad,,
Fast Car,Tracy Chapman,Singer/Songwriter,sad,,
Faucet,Just Friends,Rock,sad,,
favorite crime,Olivia Rodrigo,Pop,sad,,
Fear,Current Joys,Rock,sad,,
Feel,FLETCHER,Pop,sad,,
Feel Alone,Juice WRLD,Hip-Hop/Rap,sad,,
Feel Like Doing Nothing,Kate Bollinger,Pop,sad,,
Feeling Like a Rose,Oscar Lang,Alternative,sad,,
Feeling Whitney,Post Malone,Hip-Hop/Rap,sad,,
feelings are fatal,mxmtoon,Pop,sad,,
Feelings Fade (feat. RKCB),gnash,Pop,sad,,
Fingers,Lil Peep,Hip-Hop/Rap,sad,,
Flannel,The Cardboard Swords,Alternative,sad,,
Flush,Mötley Crüe,Hard Rock,sad,,
Fly Away,deer death,Rock,sad,,
Fly like an Eagle,Stereophonics,Alternative,sad,,
Freakin' out on the Interstate,Briston Maroney,Alternative,sad,,
From the Dining Table,Harry Styles,Pop,sad,,
Get You the Moon (feat. Snøw),Kina,Electronic,sad,,
Ghost,Badflower,Hard Rock,sad,,
ghost boy,Lil Peep,Alternative Rap,sad,,
Glamorous,Mom Jeans.,Alternative,sad,,
Good Stuff,Griff,Pop,sad,,
Happiness,Rex Orange County,Alternative,sad,,
Happy,Julia Michaels,Pop,sad,,
Happy Sad,Ocean Alley,Rock,sad,,
Harry,Macseal,Rock,sad,,
Hate That I Love You (feat. Ne-Yo),Rihanna,R&B/Soul,sad,,
haunt u,Lil Peep,Alternative Rap,sad,,
Heaven Knows I'm Miserable Now,The Smiths,Alternative,sad,,
Help Me Hurt,Front Porch Step,Singer/Songwriter,sad,,
HeMotions,Juice WRLD,Hip-Hop/Rap,sad,,
Here Without You,3 Doors Down,Rock,sad,,
high & dry,mxmtoon,Pop,sad,,
Holding Her and Loving You,Earl Thomas Conley,Country,sad,,
Honeybee,Seahaven,Alternative,sad,,
Hope,Christian Leave,Pop,sad,,
House Fire,Someone Still Loves You Boris Yeltsin,Alternative,sad,,
How Can I Love You?,Yellow Days,R&B/Soul,sad,,
How To Never Stop Being Sad,dandelion hands,Alternative,sad,,
How You Feel,Trippie Redd,Hip-Hop/Rap,sad,,
Hurt,Johnny Cash,Country,sad,,
Hurt Again,Julia Michaels,Pop,sad,,
Hurts Me Too,Faye Webster,Alternative Folk,sad,,
i can't breathe,Bea Miller,Pop,sad,,
I Can't Handle Change,Roar,Pop,sad,,
I Don’t Mind,The Greeting Committee,Alternative,sad,,
i don't feel the same,Zachary Knowles,Pop,sad,,
I Fall Apart,Post Malone,Hip-Hop/Rap,sad,,
I Hate This,Tenille Arts,Country,sad,,
I Haven't Been True,The Walters,Alternative,sad,,
I Left My Towel at My Friend's House and Then They Moved Pt. 1, Mom Jeans.,Alternative,sad,,
I Miss You,blink-182,Rock,sad,,
i miss you,mxmtoon,Pop,sad,,
I Never Told You,Colbie Caillat,Pop,sad,,
I Still Think About Who I Was Last Summer,Old Gray,Alternative,sad,,
I Think I Like When It Rains,WILLIS,Rock,sad,,
I Was All Over Her,salvia palth,Alternative,sad,,
I Won't Say That I'm Okay,Front Porch Step,Punk,sad,,
IDK You Yet,Alexander 23,Pop,sad,,
If You Need Me,Julia Michaels,Pop,sad,,
ILYSB (STRIPPED),LANY,Alternative,sad,,
I'm My Own Doctor,Remo Drive,Alternative,sad,,
I'm Sick of Waiting (Acoustic Version),Citizen,Alternative,sad,,
Imagine,John Lennon,Pop,sad,,
In Bloom,Neck Deep,Alternative,sad,,
Insomnia,The Moss,Alternative,sad,,
Internal Lullaby,Dianna Lopez,Singer/Songwriter,sad,,
Intuition,The Backseat Lovers,Rock,sad,,
Iris,The Goo Goo Dolls,Rock,sad,,
Issues,Julia Michaels,Pop,sad,,
It Don't Hurt Like It Used To,Billy Currington,Country,sad,,
It's Been Awhile,Staind,Hard Rock,sad,,
It's Sad to Belong (Single Version),England Dan & John Ford Coley & John Ford Coley,Pop,sad,,
It's Too Late,Sofia Mills,Pop,sad,,
I've Been Waiting (feat. iLoveMakonnen) [Original Version],Lil Peep,Hip-Hop/Rap,sad,,
Jocelyn Flores,XXXTENTACION,Hip-Hop/Rap,sad,,
Just Friends,Ally Barron,Pop,sad,,
K,Cigarettes After Sex,Alternative,sad,,
Keeping Up,Microwave,Alternative,sad,,
Kept Me Crying,HAIM,Alternative,sad,,
Kids,Current Joys,Alternative,sad,,
Kim Tastie,Free Throw,Alternative,sad,,
Landslide (Remastered),Fleetwood Mac,Rock,sad,,
Legends,Juice WRLD,Hip-Hop/Rap,sad,,
Lemonworld,Ocean Alley,Rock,sad,,
Leray,Trippie Redd,Hip-Hop/Rap,sad,,
Let It Go,James Bay,Alternative,sad,,
Let You Down,NF,Hip-Hop/Rap,sad,,
The Letter,Kehlani,R&B/Soul,sad,,
letting you in,awfultune,Alternative,sad,,
Liability,Lorde,Alternative,sad,,
Lie,NF,Hip-Hop/Rap,sad,,
Lie Awake,SadGirl,Rock,sad,,
Life After You,Daughtry,Rock,sad,,
Life's a Mess,Juice WRLD & Halsey,Hip-Hop/Rap,sad,,
Little Sun,Blues Pills,Rock,sad,,
The Long Goodbye,Brooks & Dunn,Country,sad,,
Louise,Camille Jansen,Alternative,sad,,
Love You Better,Emma McGrath,Pop,sad,,
Love You Goodbye,One Direction,Pop,sad,,
lovely,Billie Eilish & Khalid,Pop,sad,,
Lust,Puma Blue,Alternative,sad,,
Make Me (Cry) [feat. Labrinth],Noah Cyrus,Pop,sad,,
Malibu Nights,LANY,Alternative,sad,,
MAYBE,The Kid LAROI,Pop,sad,,
Me and My Guitar,A Boogie wit da Hoodie,Hip-Hop/Rap,sad,,
Mess,Real Friends,Rock,sad,,
MESS U MADE,MICHELLE,Pop,sad,,
Messages From Her,Sabrina Claudio,R&B/Soul,sad,,
Mixed Signals,Ruth B.,Singer/Songwriter,sad,,
Mononokay,Sorority Noise,Alternative,sad,,
Montana,Slow Pulp,Indie Rock,sad,,
Moral of the Story,Ashe,Alternative,sad,,
Motion Sickness,Phoebe Bridgers,Alternative,sad,,
Movember,Mom Jeans. & Sarah Levy,Alternative,sad,,
My Dream Girl Is My Ex Now,Sam Setton,Pop,sad,,
My Flaws Burn Through My Skin Like Demonic Flames from Hell,$uicideboy$,Hip-Hop,sad,,
My Own Prison,Creed,Hard Rock,sad,,
Need 2,Pinegrove,Rock,sad,,
Never Not,Lauv,Pop,sad,,
No One Ever Tells You,The Crystals,Pop,sad,,
not ur friend,Jeremy Zucker,Pop,sad,,
Now This Is Podracing,Mom Jeans.,Alternative,sad,,
NUMB,XXXTENTACION,Pop,sad,,
numb the pain,XXXTENTACION,Pop,sad,,
Nutshell,Alice In Chains,Hard Rock,sad,,
Off,Trash Panda,Alternative,sad,,
On the Floor (feat. Lil Peep),Yunggoth✰,Alternative,sad,,
On the Rocks,Ruby Waters,Rock,sad,,
Paranoid,Post Malone,Hip-Hop/Rap,sad,,
Patience,Chris Cornell,Alternative,sad,,
Phantom,Nightly,Alternative,sad,,
play the part,ROLE MODEL,Alternative,sad,,
Please Never Fall in Love Again,Ollie MN,Alternative,sad,,
Please Notice,Christian Leave,Pop,sad,,
Presumably Dead Arm (617 Sessions),Sidney Gish,Singer/Songwriter,sad,,
Really?,Prince Daddy & the Hyena,Alternative,sad,,
Red Lighter,SoMo,R&B/Soul,sad,,
the remedy for a broken heart (why am I so in love),XXXTENTACION,Pop,sad,,
Reprise,salvia palth,Alternative,sad,,
Rich & Sad,Post Malone,Hip-Hop/Rap,sad,,
Roam,The Story So Far,Punk,sad,,
Robbery,Juice WRLD,Hip-Hop/Rap,sad,,
Roses (feat. Brendon Urie),benny blanco & Juice WRLD,Pop,sad,,
Sad,Maroon 5,Pop,sad,,
A Sad Song About a Girl I No Longer Know,Bedside Kites,Alternative,sad,,
SAD!,XXXTENTACION,Pop,sad,,
Same Love (feat. Mary Lambert),Macklemore & Ryan Lewis,Hip-Hop/Rap,sad,,
Save Myself,Ed Sheeran,Pop,sad,,
Say You Hate Me,Crsd,Alternative,sad,,
Scarecrow,Disaster Artist,Alternative,sad,,
SELFISH,The Kid LAROI,Pop,sad,,
She Likes Another Boy,Oscar Lang,Alternative,sad,,
She Used to Be Mine,Brooks & Dunn,Country,sad,,
She's Always a Woman,Billy Joel,Rock,sad,,
She's Gonna Leave You,The Walters,Alternative,sad,,
She's Killing Me,A Rocket to the Moon,Alternative,sad,,
Shot Down,Khalid,R&B/Soul,sad,,
Sick of Losing Soulmates,dodie,Alternative,sad,,
Sign of the Times,Harry Styles,Pop,sad,,
Sitting Waiting Wishing,Jack Johnson,Rock,sad,,
Sleep,Flatsound,Alternative,sad,,
Smaller,Christian Leave,Alternative,sad,,
Soft Spot,Claud,Alternative,sad,,
Somewhere Only We Know,Keane,Pop,sad,,
Stay,Post Malone,Hip-Hop/Rap,sad,,
Stay,Sugarland,Country,sad,,
stick (feat. kmoe),quannnic,Rock,sad,,
Stinky Man,Graduating Life,Rock,sad,,
The Story,Conan Gray,Pop,sad,,
Suffocate,Hayd,Pop,sad,,
Suffocate,J. Holiday,R&B/Soul,sad,,
Suicidal Dream (Remastered),Silverchair,Alternative,sad,,
Suicidal (Remix) [feat. Juice WRLD],YNW Melly,Hip-Hop/Rap,sad,,
Summer's End,John Prine,Singer/Songwriter,sad,,
Summertime,Remo Drive,Alternative,sad,,
Supermarket Flowers,Ed Sheeran,Pop,sad,,
Take a Bow,Rihanna,Pop,sad,,
that way,Tate McRae,Pop,sad,,
Till Tomorrow,Don Mclean,Pop,sad,,
Too Good at Goodbyes,Sam Smith,Pop,sad,,
Travelin' Soldier,The Chicks,Country,sad,,
Traveling Alone,Jason Isbell,Singer/Songwriter,sad,,
Two Ghosts,Harry Styles,Pop,sad,,
Two of Us,Louis Tomlinson,Pop,sad,,
UGLY,XXXTENTACION,Pop,sad,,
Underwater FlyZone,Trippie Redd,Hip-Hop/Rap,sad,,
Used To,Juice WRLD,Hip-Hop/Rap,sad,,
Verge of Destruction,Meth Wax,Rock,sad,,
The Village,Wrabel,Pop,sad,,
walk away as the door slams (acoustic),Lil Peep & Lil Tracy,Hip-Hop/Rap,sad,,
wish you were gay,Billie Eilish,Alternative,sad,,
Worship from a Wretch,Front Porch Step,Alternative,sad,,
You Broke My Heart,Current Joys,Alternative,sad,,
You Don't Know How It Feels,Tom Petty,Rock,sad,,
Acid Wash Ocean,Dreamgirl,Pop,vibey,,
affection,BETWEEN FRIENDS,Rock,vibey,,
After Dark,Mr.Kitty,Alternative,vibey,,
Aftershock,Pouya,Hip-Hop/Rap,vibey,,
Alrighty Aphrodite,Peach Pit,Alternative,vibey,,
Amber,311,Rock,vibey,,
Atomic Vomit,Steve Lacy,R&B/Soul,vibey,,
Back In The Day,Mac Miller,Hip-Hop/Rap,vibey,,
Back Pocket,Vulfpeck,Funk,vibey,,
Bad Habit,Steve Lacy,R&B/Soul,vibey,,
Ball For Me (feat. Nicki Minaj),Post Malone,Hip-Hop/Rap,vibey,,
Bambi,Hippo Campus,Alternative,vibey,,
Band On the Run,Paul McCartney & Wings,Rock,vibey,,
Bane,Destroy Lonely,Ambient,vibey,,
Bang Bang Bang Bang,Sohodolls,Pop,vibey,,
Bette Davis Eyes,Kim Carnes,Country,vibey,,
Black Qualls (feat. Steve Lacy & Steve Arrington),Thundercat,R&B/Soul,vibey,,
Blue Skies,Moxie,Indie Rock,vibey,,
Bottom,McCafferty,Alternative,vibey,,
Cats,Macseal,Alternative,vibey,,
The Caves of Altamira,Steely Dan,Rock,vibey,,
Cha Cha,Freddie Dredd,Hip-Hop/Rap,vibey,,
The Chain,Fleetwood Mac,Rock,vibey,,
Chamber of Reflection,Mac DeMarco,Alternative,vibey,,
Check It Out,Xavier Wulf,Hip-Hop/Rap,vibey,,
CITY OF ANGELS,24kGoldn,Hip-Hop/Rap,vibey,,
cobain (feat. Lil Tracy),Lil Peep,Alternative Rap,vibey,,
Come & Go,Juice WRLD & Marshmello,Hip-Hop/Rap,vibey,,
Couch Potato,Jakubi,Pop,vibey,,
Crew (feat. Brent Faiyaz & Shy Glizzy),GoldLink,Hip-Hop/Rap,vibey,,
Cupid's Chokehold / Breakfast in America (Radio Mix) [feat. Patrick Stump],Gym Class Heroes featuring Patrick Stump,Rock,vibey,,
Cut You In,Jerry Cantrell,Hard Rock,vibey,,
Da Ya Think I'm Sexy?,Rod Stewart,Rock,vibey,,
Dad Got Me a Lefty Desk,Yes Yes A Thousand Times Yes,Alternative,vibey,,
Dance Floor,Zapp,R&B/Soul,vibey,,
Dance in the Living Room (feat. Ok2222 & Park Bird),NVTHVN & Forrest.,Pop,vibey,,
Dance Baby!,boy pablo,Pop,vibey,,
Dancing,Mellow Fellow,Singer/Songwriter,vibey,,
Dang! (feat. Anderson .Paak),Mac Miller,Hip-Hop,vibey,,
Dare,Gorillaz,Alternative,vibey,,
Dark Red,Steve Lacy,R&B/Soul,vibey,,
Darkness,SWEET SPINE,Rock,vibey,,
Dead Eyes Clapping In Unison,Yes Yes A Thousand Times Yes,EMO,vibey,,
Dead Man Walking,Brent Faiyaz,R&B/Soul,vibey,,
Death Cup,Mom Jeans.,Alternative,vibey,,
DeathStar (feat. Trippie Redd & KanKan),K Suave,Hip-Hop/Rap,vibey,,
Deja Vu (feat. Justin Bieber),Post Malone,Hip-Hop/Rap,vibey,,
Die For You,The Weeknd,R&B/Soul,vibey,,
Diemonds,$uicideboy$,Hip-Hop,vibey,,
Digital Silence,Peter McPoland,Alternative,vibey,,
Disco,Surf Curse,Alternative,vibey,,
Do Better,Lil Donald,Hip-Hop/Rap,vibey,,
Doctor Whomst,Origami Angel,Rock,vibey,,
DOGTOOTH,Tyler The Creator,Rap,vibey,,
Don't,Bryson Tiller,R&B/Soul,vibey,,
Don't Matter,Akon,R&B/Soul,vibey,,
Don't Mind,Kent Jones,Hip-Hop/Rap,vibey,,
Don't Play With Matches,Disco Inc. & fredo disco,Rock,vibey,,
Don't Stop,Fleetwood Mac,Rock,vibey,,
Dontmakemefallinlove,Cuco,Alternative,vibey,,
Doses & Mimosas,Cherub,Alternative,vibey,,
Down the Line,Beach Fossils,Indie Rock,vibey,,
Dræm Girl,No Vacation,Rock,vibey,,
Drama (feat. Drake),Roy Woods,R&B/Soul,vibey,,
A Dream With a Baseball Player,Faye Webster,Alternative,vibey,,
Dreams,Fleetwood Mac,Rock,vibey,,
Driving to Hawaii,Summer Salt,Indie Rock,vibey,,
Drop the Guillotine,Peach Pit,Alternative,vibey,,
Dull,Microwave,Alternative,vibey,,
EARFQUAKE,Tyler The Creator,Hip-Hop/Rap,vibey,,
Electric Feel,MGMT,Alternative,vibey,,
Electric Feel (feat. Corey Frye),Scary Pockets,R&B/Soul,vibey,,
Electric Love,BØRNS,Alternative,vibey,,
Enemies (feat. DaBaby),Post Malone,Hip-Hop/Rap,vibey,,
Entombed,Deftones,Hard Rock,vibey,,
Everlong,Foo Fighters,Rock,vibey,,
F.U.N,Destroy Lonely,Hip-Hop/Rap,vibey,,
Falling Down (Bonus Track),Lil Peep & XXXTENTACION,Hip-Hop/Rap,vibey,,
Fancy Shoes,The Walters,Alternative,vibey,,
Fantazia,Roy Blair,Alternative,vibey,,
Feeling,Juice WRLD,Hip-Hop/Rap,vibey,,
Feels Like We Only Go Backwards,Tame Impala,Rock,vibey,,
feelz,Lil Peep,Alternative Rap,vibey,,
Finding Peace of Mind,Kainalu,Electronic,vibey,,
Fire,Two Feet,Alternative,vibey,,
Flaming Hot Cheetos,Clairo,Alternative,vibey,,
FlatBed Freestyle,Playboi Carti,Hip-Hop/Rap,vibey,,
Floating Circus,Trash Panda,Alternative,vibey,,
The fo Five,Ramirez,Hip-Hop,vibey,,
Foggy Mountain,Algernon Cadwallader,Indie Pop,vibey,,
For Our Elegant Caste,of Montreal,Alternative,vibey,,
Forgot Again,Loving,Rock,vibey,,
Freaking Out the Neighborhood,Mac DeMarco,Alternative,vibey,,
Freaks,Surf Curse,Alternative,vibey,,
Funny Thing,Thundercat,R&B/Soul,vibey,,
Gallery Piece,of Montreal,Alternative,vibey,,
Gasoline,HAIM,Alternative,vibey,,
Gassed Up,Nebu Kiniza,Hip-Hop/Rap,vibey,,
Genesis,$uicideboy$,Hip-Hop,vibey,,
Georgy Porgy,Toto,Rock,vibey,,
Ghost of Mariano's,Disco Inc. & fredo disco,Rock,vibey,,
Ghostride,Crumb,Indie Rock,vibey,,
Gimme Love,Joji,Alternative,vibey,,
Girls,Beastie Boys,Hip-Hop/Rap,vibey,,
girls,girl in red,Pop,vibey,,
Girls Like You (feat. Cardi B),Maroon 5,Pop,vibey,,
Gold Thangs & Pinky Rangs (Da Hooptie) [feat. Shakewell & Pouya],Ramirez,Hip-Hop,vibey,,
Good News,Mac Miller,Hip-Hop/Rap,vibey,,
Goofy,Ax and the Hatchetmen,Rock,vibey,,
Gore,Trippie Redd,Hip-Hop/Rap,vibey,,
The Groove Line,Heatwave,R&B/Soul,vibey,,
Gypsy,Fleetwood Mac,Rock,vibey,,
Harvey,Her's,Indie Rock,vibey,,
Hate Me (feat. YoungBoy Never Broke Again),Trippie Redd,Hip-Hop/Rap,vibey,,
Hear Me Calling,Juice WRLD,Hip-Hop/Rap,vibey,,
Heat Waves,Glass Animals,Alternative,vibey,,
Hedges,Winona Forever,Alternative,vibey,,
Her Vacation,Goth Babe,Alternative,vibey,,
Hippies,Flipturn,Alternative,vibey,,
Holy Smokes (feat. Lil Uzi Vert),Trippie Redd,Hip-Hop/Rap,vibey,,
Homage,Mild High Club,Alternative,vibey,,
HONEST,Baby Keem,Hip-Hop,vibey,,
Hopeless Romantic (feat. Swae Lee),Wiz Khalifa,Hip-Hop/Rap,vibey,,
Hurt Feelings,Mac Miller,Hip-Hop/Rap,vibey,,
I Don't Want to Know,Fleetwood Mac,Rock,vibey,,
I Know,Post Malone,Hip-Hop/Rap,vibey,,
I Like You (A Happier Song) [feat. Doja Cat],Post Malone,Hip-Hop/Rap,vibey,,
I Stay Away,Alice In Chains,Hard Rock,vibey,,
I Tried Loving,Trippie Redd,Hip-Hop/Rap,vibey,,
I Want It,Two Feet,Alternative,vibey,,
I Will Survive,Gloria Gaynor,Soundtrack,vibey,,
ILoveUIHateU,Playboi Carti,Hip-Hop/Rap,vibey,,
Imported,Jessie Reyez & 6LACK,R&B/Soul,vibey,,
In My Feelings,Kehlani,R&B/Soul,vibey,,
In Your Head,SKATERS,Indie Rock,vibey,,
Is It True,Tame Impala,Alternative,vibey,,
Island In the Sun,Weezer,Rock,vibey,,
It's Called: Freefall,Rainbow Kitten Surprise,Alternative,vibey,,
Jealous,Eyedress,Rock,vibey,,
The Joker,Steve Miller Band,Rock,vibey,,
Just a Stranger (feat. Steve Lacy),Kali Uchis,R&B/Soul,vibey,,
Just Friends,Dreamgirl,Pop,vibey,,
Kiss,Lil Peep,Alternative Rap,vibey,,
Kissing Strangers (feat. Nicki Minaj),DNCE,Pop,vibey,,
Kolors (feat. Smino),monte booker,Rap,vibey,,
Krewe Du Vieux (Comedy & Tragedy),$uicideboy$,Hip-Hop,vibey,,
LA to London (feat. Gab3),Lil Peep,Hip-Hop/Rap,vibey,,
Last Days,Trippie Redd,Hip-Hop/Rap,vibey,,
Lauren,Neal Francis,Rock,vibey,,
Lava,Still Woozy,Pop,vibey,,
Leave Me Alone,Flipp Dinero,Hip-Hop/Rap,vibey,,
Left Hand Free,alt-J,Alternative,vibey,,
The Less I Know the Better,Tame Impala,Alternative,vibey,,
Let It Happen,Tame Impala,Alternative,vibey,,
Let Me Know (I Wonder Why Freestyle),Juice WRLD,Hip-Hop/Rap,vibey,,
Let Her Go,Mac DeMarco,Alternative,vibey,,
Life Happens,Hippie Sabotage,Electronic,vibey,,
Like Me (feat. iann dior),$NOT,Hip-Hop/Rap,vibey,,
Linger,The Cranberries,Pop,vibey,,
Lisbon,Slim & The Beast,Pop,vibey,,
A Little Trauma Can Be Illuminating And I'm Shining Like The Sun,$uicideboy$,Hip-Hop,vibey,,
Location,Khalid,R&B/Soul,vibey,,
Long Gone,Juice WRLD,Hip-Hop/Rap,vibey,,
Losing You,boy pablo,Indie Rock,vibey,,
Love Lies,Khalid & Normani,R&B/Soul,vibey,,
Love Me,The 1975,Alternative,vibey,,
Love Scars,Trippie Redd,Hip-Hop/Rap,vibey,,
Love Sick,Trippie Redd,Hip-Hop/Rap,vibey,,
LOVE. (FEAT. ZACARI.),Kendrick Lamar,Hip-Hop/Rap,vibey,,
Lover Is a Day,Cuco,Alternative,vibey,,
Low Key,$uicideboy$,Hip-Hop,vibey,,
Lucid Dreams,Juice WRLD,Hip-Hop/Rap,vibey,,
Mamacita (feat. Rico Nasty),Lil Yachty,Hip-Hop/Rap,vibey,,
Maniac,Conan Gray,Pop,vibey,,
Marcel,Her's,Indie Rock,vibey,,
Mariposa,Peach Tree Rascals,Alternative,vibey,,
Martin & Gina,Polo G,Hip-Hop/Rap,vibey,,
Matte Black,$uicideboy$,Hip-Hop,vibey,,
Me and Your Mama,Childish Gambino,R&B/Soul,vibey,,
Mean,$NOT & Flo Milli,Hip-Hop/Rap,vibey,,
Meet Me At Our Spot,THE ANXIETY,Alternative,vibey,,
Midnight City,M83,Electronic,vibey,,
Might Be,Anderson .Paak,Hip-Hop/Rap,vibey,,
Mixed Personalities (feat. Kanye West),YNW Melly,Hip-Hop/Rap,vibey,,
Money,The Drums,Alternative,vibey,,
Mood (feat. iann dior),24kGoldn,Hip-Hop/Rap,vibey,,
Moonlight,XXXTENTACION,Pop,vibey,,
Movie Star,Sam Dian,Dance,vibey,,
MP5,Trippie Redd & SoFaygo,Hip-Hop/Rap,vibey,,
Mr. Clean,Yung Gravy,Hip-Hop/Rap,vibey,,
Mr. Jones,Counting Crows,Rock,vibey,,
My Hero,Foo Fighters,Rock,vibey,,
My Kind of Woman,Mac DeMarco,Alternative,vibey,,
My Room,Forrest.,Pop,vibey,,
Myself,NAV,Hip-Hop/Rap,vibey,,
N Side,Steve Lacy,Pop,vibey,,
Nikes on My Feet,Mac Miller,Hip-Hop/Rap,vibey,,
No Idea,Don Toliver,Hip-Hop/Rap,vibey,,
Not Worth It,ZillaKami,Rock,vibey,,
Novacane,Frank Ocean,Pop,vibey,,
Nun Major,Shoreline Mafia,Hip-Hop/Rap,vibey,,
nuts (feat. rainy bear),Lil Peep,Alternative Rap,vibey,,
Oh Susan,Mark Whalen,Pop,vibey,,
On the Level,Mac DeMarco,Indie Rock,vibey,,
One Dance (feat. Wizkid & Kyla),Drake,Hip-Hop/Rap,vibey,,
One Night,Lil Yachty,Hip-Hop/Rap,vibey,,
ORANGE SODA,Baby Keem,Hip-Hop,vibey,,
OTW,Khalid,R&B/Soul,vibey,,
Palm Trees,Surfaces,Pop,vibey,,
Paraphernalia,Temples,Alternative,vibey,,
Passing Out Pieces,Mac DeMarco,Alternative,vibey,,
Passionfruit,Drake,Hip-Hop/Rap,vibey,,
The Perfect Girl,Mareux,Alternative,vibey,,
Playground,Steve Lacy,Pop,vibey,,
Poles 1469,Trippie Redd & 6ix9ine,Hip-Hop/Rap,vibey,,
Police Car,Larry Wallis,Rock,vibey,,
Pool House,The Backseat Lovers,Rock,vibey,,
Programming,BOYO,Alternative,vibey,,
Prom Night,Riovaz,Pop,vibey,,
Psycho (feat. Ty Dolla $ign),Post Malone,Hip-Hop/Rap,vibey,,
Psycho!,MASN,Hip-Hop/Rap,vibey,,
Putrid Pride,$uicideboy$,Hip-Hop,vibey,,
R.I.P. (feat. Trippie Redd),Joji,R&B/Soul,vibey,,
Rabbit Hole,Ruby Waters,Rock,vibey,,
Ready / Problems,boy pablo,Pop,vibey,,
Real Feel,Trippie Redd,Hip-Hop/Rap,vibey,,
Red Roses (feat. Landon Cube),Lil Skies,Hip-Hop/Rap,vibey,,
Rider,Juice WRLD,Hip-Hop/Rap,vibey,,
Right Down the Line,Sam Evian,Alternative,vibey,,
Ring Ring (feat. Clever),Juice WRLD,Hip-Hop/Rap,vibey,,
Rockaway,Summer Salt,Indie Rock,vibey,,
Roddy,Djo,Alternative,vibey,,
Roommates,Malcolm Todd,Alternative,vibey,,
Rose,Inner Wave,Alternative,vibey,,
Ruby Fields,Sarah and the Sundays,Alternative,vibey,,
Run,Joji,Alternative,vibey,,
Runaway,Lil Peep,Hip-Hop/Rap,vibey,,
Salad Days,Mac DeMarco,Alternative,vibey,,
Sarah,c a n d i d !,Pop,vibey,,
Sarah Smiles,Panic! At the Disco,Alternative,vibey,,
Saturn Suv,fredo disco,Punk,vibey,,
Say It Ain't So,Weezer,Rock,vibey,,
Scars,Novulent,Rock,vibey,,
Senior Skip Day,Mac Miller,Hip-Hop/Rap,vibey,,
she wnna (feat. Kaneda7),SUICIDAL-IDOL,Dance,vibey,,
Show Me How,Men I Trust,Pop,vibey,,
Sleepwalk,Santo & Johnny,Pop,vibey,,
snarky,quannnic,Rock,vibey,,
Solitude Is Bliss,Tame Impala,Alternative,vibey,,
the song they played (when i crashed into the wall) [feat. Lil Tracy],Lil Peep,Alternative Rap,vibey,,
SOUL (feat. c0in & v0sco),C.A.C.K & fredo disco & egodeathboy,R&B/Soul,vibey,,
Space Cadet (feat. Gunna),Metro Boomin,Hip-Hop/Rap,vibey,,
Space Song,Beach House,Alternative,vibey,,
Spilt to Bill,Jank,Alternative,vibey,,
Spirits,The Strumbellas,Alternative,vibey,,
Spoil My Night (feat. Swae Lee),Post Malone,Hip-Hop/Rap,vibey,,
Star Shopping,Lil Peep,Alternative Rap,vibey,,
Stranger,Miki Fiki,Pop,vibey,,
Stunnin' (feat. Harm Franklin),Curtis Waters,Alternative,vibey,,
Suga x Best I Ever Had,Gimenna,Dance,vibey,,
SUGAR,BROCKHAMPTON,Hip-Hop/Rap,vibey,,
Sunsetz,Cigarettes After Sex,Alternative,vibey,,
Taking A Walk,Trippie Redd,Hip-Hop/Rap,vibey,,
That Groove,Westpark,Rock,vibey,,
Thats No Fun,Steve Lacy,R&B/Soul,vibey,,
Thru It All,Wintertime,Hip-Hop/Rap,vibey,,
Tieduprightnow,Parcels,Alternative,vibey,,
Til The End of Time,Trippie Redd,Hip-Hop/Rap,vibey,,
To Be So Lonely,Harry Styles,Pop,vibey,,
Today,The Smashing Pumpkins,Hard Rock,vibey,,
Too Fast,Sonder,R&B/Soul,vibey,,
Treacherous Doctor,Wallows,Alternative,vibey,,
Treat Her Better,Mac DeMarco,Alternative,vibey,,
Two Princes,Spin Doctors,Rock,vibey,,
Ugliest,$uicideboy$,Hip-Hop,vibey,,
Under Enemy Arms,Trippie Redd,Hip-Hop/Rap,vibey,,
Unforgettable (feat. Swae Lee),French Montana,Hip-Hop/Rap,vibey,,
Unlucky Me,$uicideboy$,Hip-Hop,vibey,,
Vegas Girl,Jamie Blake & Mista DC,R&B/Soul,vibey,,
Violet,Connor Price & Killa,Hip-Hop/Rap,vibey,,
Void,Pouya,Hip-Hop/Rap,vibey,,
W O R K I N  M E,Quavo,Hip-Hop/Rap,vibey,,
Wasted (feat. Lil Uzi Vert),Juice WRLD,Hip-Hop/Rap,vibey,,
Wasted Summers,juju<3,Alternative,vibey,,
Water,Tyla,Pop,vibey,,
Way 2 High (demo),Souly Had,Alternative,vibey,,
white tee (feat. Lil Tracy),Lil Peep,Alternative Rap,vibey,,
Wish (feat. Trippie Redd) [Trippie Mix],Diplo,Hip-Hop/Rap,vibey,,
witchblades,Lil Peep & Lil Tracy,Alternative Rap,vibey,,
Womp Womp (feat. Jeremih),Valee,Hip-Hop/Rap,vibey,,
Work Out,J. Cole,R&B/Soul,vibey,,
YEAH RIGHT,Joji,R&B/Soul,vibey,,
your favorite dress,Lil Peep & Lil Tracy,Alternative Rap,vibey,,
Zack And Codeine,Post Malone,Hip-Hop/Rap,vibey,,
10 Feet,Juice WRLD,Hip-Hop/Rap,vibey,,
1000 Blunts,$uicideboy$,Hip-Hop,vibey,,
122 Days,$uicideboy$,Hip-Hop,vibey,,
1400 / 999 Freestyle (feat. Juice WRLD),Trippie Redd,Hip-Hop/Rap,vibey,,
$$$,XXXTENTACION & Matt OX,Pop,vibey,,
20 Min,Lil Uzi Vert,Hip-Hop/Rap,vibey,,
8TEEN,Khalid,R&B/Soul,vibey,,
!,Trippie Redd,Hip-Hop/Rap,vibey,,
